// Code generated by protoc-gen-go. DO NOT EDIT.
// versions:
// 	protoc-gen-go v1.35.1
// 	protoc        v3.12.4
// source: catalog_service.proto

package catalogpb

import (
	commonpb "github.com/milvus-io/milvus-proto/go-api/v3/commonpb"
	etcdpb "github.com/milvus-io/milvus/pkg/v3/proto/etcdpb"
	protoreflect "google.golang.org/protobuf/reflect/protoreflect"
	protoimpl "google.golang.org/protobuf/runtime/protoimpl"
	reflect "reflect"
	sync "sync"
)

const (
	// Verify that this generated code is sufficiently up-to-date.
	_ = protoimpl.EnforceVersion(20 - protoimpl.MinVersion)
	// Verify that runtime/protoimpl is sufficiently up-to-date.
	_ = protoimpl.EnforceVersion(protoimpl.MaxVersion - 20)
)

type CreateDatabaseRequest struct {
	state         protoimpl.MessageState
	sizeCache     protoimpl.SizeCache
	unknownFields protoimpl.UnknownFields

	Db *etcdpb.DatabaseInfo `protobuf:"bytes,1,opt,name=db,proto3" json:"db,omitempty"`
	Ts uint64               `protobuf:"varint,2,opt,name=ts,proto3" json:"ts,omitempty"`
}

func (x *CreateDatabaseRequest) Reset() {
	*x = CreateDatabaseRequest{}
	mi := &file_catalog_service_proto_msgTypes[0]
	ms := protoimpl.X.MessageStateOf(protoimpl.Pointer(x))
	ms.StoreMessageInfo(mi)
}

func (x *CreateDatabaseRequest) String() string {
	return protoimpl.X.MessageStringOf(x)
}

func (*CreateDatabaseRequest) ProtoMessage() {}

func (x *CreateDatabaseRequest) ProtoReflect() protoreflect.Message {
	mi := &file_catalog_service_proto_msgTypes[0]
	if x != nil {
		ms := protoimpl.X.MessageStateOf(protoimpl.Pointer(x))
		if ms.LoadMessageInfo() == nil {
			ms.StoreMessageInfo(mi)
		}
		return ms
	}
	return mi.MessageOf(x)
}

// Deprecated: Use CreateDatabaseRequest.ProtoReflect.Descriptor instead.
func (*CreateDatabaseRequest) Descriptor() ([]byte, []int) {
	return file_catalog_service_proto_rawDescGZIP(), []int{0}
}

func (x *CreateDatabaseRequest) GetDb() *etcdpb.DatabaseInfo {
	if x != nil {
		return x.Db
	}
	return nil
}

func (x *CreateDatabaseRequest) GetTs() uint64 {
	if x != nil {
		return x.Ts
	}
	return 0
}

type CreateDatabaseResponse struct {
	state         protoimpl.MessageState
	sizeCache     protoimpl.SizeCache
	unknownFields protoimpl.UnknownFields

	Status *commonpb.Status `protobuf:"bytes,1,opt,name=status,proto3" json:"status,omitempty"`
}

func (x *CreateDatabaseResponse) Reset() {
	*x = CreateDatabaseResponse{}
	mi := &file_catalog_service_proto_msgTypes[1]
	ms := protoimpl.X.MessageStateOf(protoimpl.Pointer(x))
	ms.StoreMessageInfo(mi)
}

func (x *CreateDatabaseResponse) String() string {
	return protoimpl.X.MessageStringOf(x)
}

func (*CreateDatabaseResponse) ProtoMessage() {}

func (x *CreateDatabaseResponse) ProtoReflect() protoreflect.Message {
	mi := &file_catalog_service_proto_msgTypes[1]
	if x != nil {
		ms := protoimpl.X.MessageStateOf(protoimpl.Pointer(x))
		if ms.LoadMessageInfo() == nil {
			ms.StoreMessageInfo(mi)
		}
		return ms
	}
	return mi.MessageOf(x)
}

// Deprecated: Use CreateDatabaseResponse.ProtoReflect.Descriptor instead.
func (*CreateDatabaseResponse) Descriptor() ([]byte, []int) {
	return file_catalog_service_proto_rawDescGZIP(), []int{1}
}

func (x *CreateDatabaseResponse) GetStatus() *commonpb.Status {
	if x != nil {
		return x.Status
	}
	return nil
}

type DropDatabaseRequest struct {
	state         protoimpl.MessageState
	sizeCache     protoimpl.SizeCache
	unknownFields protoimpl.UnknownFields

	DbName string `protobuf:"bytes,1,opt,name=db_name,json=dbName,proto3" json:"db_name,omitempty"`
	Ts     uint64 `protobuf:"varint,2,opt,name=ts,proto3" json:"ts,omitempty"`
}

func (x *DropDatabaseRequest) Reset() {
	*x = DropDatabaseRequest{}
	mi := &file_catalog_service_proto_msgTypes[2]
	ms := protoimpl.X.MessageStateOf(protoimpl.Pointer(x))
	ms.StoreMessageInfo(mi)
}

func (x *DropDatabaseRequest) String() string {
	return protoimpl.X.MessageStringOf(x)
}

func (*DropDatabaseRequest) ProtoMessage() {}

func (x *DropDatabaseRequest) ProtoReflect() protoreflect.Message {
	mi := &file_catalog_service_proto_msgTypes[2]
	if x != nil {
		ms := protoimpl.X.MessageStateOf(protoimpl.Pointer(x))
		if ms.LoadMessageInfo() == nil {
			ms.StoreMessageInfo(mi)
		}
		return ms
	}
	return mi.MessageOf(x)
}

// Deprecated: Use DropDatabaseRequest.ProtoReflect.Descriptor instead.
func (*DropDatabaseRequest) Descriptor() ([]byte, []int) {
	return file_catalog_service_proto_rawDescGZIP(), []int{2}
}

func (x *DropDatabaseRequest) GetDbName() string {
	if x != nil {
		return x.DbName
	}
	return ""
}

func (x *DropDatabaseRequest) GetTs() uint64 {
	if x != nil {
		return x.Ts
	}
	return 0
}

type DropDatabaseResponse struct {
	state         protoimpl.MessageState
	sizeCache     protoimpl.SizeCache
	unknownFields protoimpl.UnknownFields

	Status *commonpb.Status `protobuf:"bytes,1,opt,name=status,proto3" json:"status,omitempty"`
}

func (x *DropDatabaseResponse) Reset() {
	*x = DropDatabaseResponse{}
	mi := &file_catalog_service_proto_msgTypes[3]
	ms := protoimpl.X.MessageStateOf(protoimpl.Pointer(x))
	ms.StoreMessageInfo(mi)
}

func (x *DropDatabaseResponse) String() string {
	return protoimpl.X.MessageStringOf(x)
}

func (*DropDatabaseResponse) ProtoMessage() {}

func (x *DropDatabaseResponse) ProtoReflect() protoreflect.Message {
	mi := &file_catalog_service_proto_msgTypes[3]
	if x != nil {
		ms := protoimpl.X.MessageStateOf(protoimpl.Pointer(x))
		if ms.LoadMessageInfo() == nil {
			ms.StoreMessageInfo(mi)
		}
		return ms
	}
	return mi.MessageOf(x)
}

// Deprecated: Use DropDatabaseResponse.ProtoReflect.Descriptor instead.
func (*DropDatabaseResponse) Descriptor() ([]byte, []int) {
	return file_catalog_service_proto_rawDescGZIP(), []int{3}
}

func (x *DropDatabaseResponse) GetStatus() *commonpb.Status {
	if x != nil {
		return x.Status
	}
	return nil
}

type AlterDatabaseRequest struct {
	state         protoimpl.MessageState
	sizeCache     protoimpl.SizeCache
	unknownFields protoimpl.UnknownFields

	Db *etcdpb.DatabaseInfo `protobuf:"bytes,1,opt,name=db,proto3" json:"db,omitempty"`
	Ts uint64               `protobuf:"varint,2,opt,name=ts,proto3" json:"ts,omitempty"`
}

func (x *AlterDatabaseRequest) Reset() {
	*x = AlterDatabaseRequest{}
	mi := &file_catalog_service_proto_msgTypes[4]
	ms := protoimpl.X.MessageStateOf(protoimpl.Pointer(x))
	ms.StoreMessageInfo(mi)
}

func (x *AlterDatabaseRequest) String() string {
	return protoimpl.X.MessageStringOf(x)
}

func (*AlterDatabaseRequest) ProtoMessage() {}

func (x *AlterDatabaseRequest) ProtoReflect() protoreflect.Message {
	mi := &file_catalog_service_proto_msgTypes[4]
	if x != nil {
		ms := protoimpl.X.MessageStateOf(protoimpl.Pointer(x))
		if ms.LoadMessageInfo() == nil {
			ms.StoreMessageInfo(mi)
		}
		return ms
	}
	return mi.MessageOf(x)
}

// Deprecated: Use AlterDatabaseRequest.ProtoReflect.Descriptor instead.
func (*AlterDatabaseRequest) Descriptor() ([]byte, []int) {
	return file_catalog_service_proto_rawDescGZIP(), []int{4}
}

func (x *AlterDatabaseRequest) GetDb() *etcdpb.DatabaseInfo {
	if x != nil {
		return x.Db
	}
	return nil
}

func (x *AlterDatabaseRequest) GetTs() uint64 {
	if x != nil {
		return x.Ts
	}
	return 0
}

type AlterDatabaseResponse struct {
	state         protoimpl.MessageState
	sizeCache     protoimpl.SizeCache
	unknownFields protoimpl.UnknownFields

	Status *commonpb.Status `protobuf:"bytes,1,opt,name=status,proto3" json:"status,omitempty"`
}

func (x *AlterDatabaseResponse) Reset() {
	*x = AlterDatabaseResponse{}
	mi := &file_catalog_service_proto_msgTypes[5]
	ms := protoimpl.X.MessageStateOf(protoimpl.Pointer(x))
	ms.StoreMessageInfo(mi)
}

func (x *AlterDatabaseResponse) String() string {
	return protoimpl.X.MessageStringOf(x)
}

func (*AlterDatabaseResponse) ProtoMessage() {}

func (x *AlterDatabaseResponse) ProtoReflect() protoreflect.Message {
	mi := &file_catalog_service_proto_msgTypes[5]
	if x != nil {
		ms := protoimpl.X.MessageStateOf(protoimpl.Pointer(x))
		if ms.LoadMessageInfo() == nil {
			ms.StoreMessageInfo(mi)
		}
		return ms
	}
	return mi.MessageOf(x)
}

// Deprecated: Use AlterDatabaseResponse.ProtoReflect.Descriptor instead.
func (*AlterDatabaseResponse) Descriptor() ([]byte, []int) {
	return file_catalog_service_proto_rawDescGZIP(), []int{5}
}

func (x *AlterDatabaseResponse) GetStatus() *commonpb.Status {
	if x != nil {
		return x.Status
	}
	return nil
}

type ListDatabasesRequest struct {
	state         protoimpl.MessageState
	sizeCache     protoimpl.SizeCache
	unknownFields protoimpl.UnknownFields

	Ts uint64 `protobuf:"varint,1,opt,name=ts,proto3" json:"ts,omitempty"`
}

func (x *ListDatabasesRequest) Reset() {
	*x = ListDatabasesRequest{}
	mi := &file_catalog_service_proto_msgTypes[6]
	ms := protoimpl.X.MessageStateOf(protoimpl.Pointer(x))
	ms.StoreMessageInfo(mi)
}

func (x *ListDatabasesRequest) String() string {
	return protoimpl.X.MessageStringOf(x)
}

func (*ListDatabasesRequest) ProtoMessage() {}

func (x *ListDatabasesRequest) ProtoReflect() protoreflect.Message {
	mi := &file_catalog_service_proto_msgTypes[6]
	if x != nil {
		ms := protoimpl.X.MessageStateOf(protoimpl.Pointer(x))
		if ms.LoadMessageInfo() == nil {
			ms.StoreMessageInfo(mi)
		}
		return ms
	}
	return mi.MessageOf(x)
}

// Deprecated: Use ListDatabasesRequest.ProtoReflect.Descriptor instead.
func (*ListDatabasesRequest) Descriptor() ([]byte, []int) {
	return file_catalog_service_proto_rawDescGZIP(), []int{6}
}

func (x *ListDatabasesRequest) GetTs() uint64 {
	if x != nil {
		return x.Ts
	}
	return 0
}

type ListDatabasesResponse struct {
	state         protoimpl.MessageState
	sizeCache     protoimpl.SizeCache
	unknownFields protoimpl.UnknownFields

	Status *commonpb.Status       `protobuf:"bytes,1,opt,name=status,proto3" json:"status,omitempty"`
	Dbs    []*etcdpb.DatabaseInfo `protobuf:"bytes,2,rep,name=dbs,proto3" json:"dbs,omitempty"`
}

func (x *ListDatabasesResponse) Reset() {
	*x = ListDatabasesResponse{}
	mi := &file_catalog_service_proto_msgTypes[7]
	ms := protoimpl.X.MessageStateOf(protoimpl.Pointer(x))
	ms.StoreMessageInfo(mi)
}

func (x *ListDatabasesResponse) String() string {
	return protoimpl.X.MessageStringOf(x)
}

func (*ListDatabasesResponse) ProtoMessage() {}

func (x *ListDatabasesResponse) ProtoReflect() protoreflect.Message {
	mi := &file_catalog_service_proto_msgTypes[7]
	if x != nil {
		ms := protoimpl.X.MessageStateOf(protoimpl.Pointer(x))
		if ms.LoadMessageInfo() == nil {
			ms.StoreMessageInfo(mi)
		}
		return ms
	}
	return mi.MessageOf(x)
}

// Deprecated: Use ListDatabasesResponse.ProtoReflect.Descriptor instead.
func (*ListDatabasesResponse) Descriptor() ([]byte, []int) {
	return file_catalog_service_proto_rawDescGZIP(), []int{7}
}

func (x *ListDatabasesResponse) GetStatus() *commonpb.Status {
	if x != nil {
		return x.Status
	}
	return nil
}

func (x *ListDatabasesResponse) GetDbs() []*etcdpb.DatabaseInfo {
	if x != nil {
		return x.Dbs
	}
	return nil
}

type GetDatabaseByNameRequest struct {
	state         protoimpl.MessageState
	sizeCache     protoimpl.SizeCache
	unknownFields protoimpl.UnknownFields

	DbName string `protobuf:"bytes,1,opt,name=db_name,json=dbName,proto3" json:"db_name,omitempty"`
	Ts     uint64 `protobuf:"varint,2,opt,name=ts,proto3" json:"ts,omitempty"`
}

func (x *GetDatabaseByNameRequest) Reset() {
	*x = GetDatabaseByNameRequest{}
	mi := &file_catalog_service_proto_msgTypes[8]
	ms := protoimpl.X.MessageStateOf(protoimpl.Pointer(x))
	ms.StoreMessageInfo(mi)
}

func (x *GetDatabaseByNameRequest) String() string {
	return protoimpl.X.MessageStringOf(x)
}

func (*GetDatabaseByNameRequest) ProtoMessage() {}

func (x *GetDatabaseByNameRequest) ProtoReflect() protoreflect.Message {
	mi := &file_catalog_service_proto_msgTypes[8]
	if x != nil {
		ms := protoimpl.X.MessageStateOf(protoimpl.Pointer(x))
		if ms.LoadMessageInfo() == nil {
			ms.StoreMessageInfo(mi)
		}
		return ms
	}
	return mi.MessageOf(x)
}

// Deprecated: Use GetDatabaseByNameRequest.ProtoReflect.Descriptor instead.
func (*GetDatabaseByNameRequest) Descriptor() ([]byte, []int) {
	return file_catalog_service_proto_rawDescGZIP(), []int{8}
}

func (x *GetDatabaseByNameRequest) GetDbName() string {
	if x != nil {
		return x.DbName
	}
	return ""
}

func (x *GetDatabaseByNameRequest) GetTs() uint64 {
	if x != nil {
		return x.Ts
	}
	return 0
}

type GetDatabaseByIDRequest struct {
	state         protoimpl.MessageState
	sizeCache     protoimpl.SizeCache
	unknownFields protoimpl.UnknownFields

	DbId int64  `protobuf:"varint,1,opt,name=db_id,json=dbId,proto3" json:"db_id,omitempty"`
	Ts   uint64 `protobuf:"varint,2,opt,name=ts,proto3" json:"ts,omitempty"`
}

func (x *GetDatabaseByIDRequest) Reset() {
	*x = GetDatabaseByIDRequest{}
	mi := &file_catalog_service_proto_msgTypes[9]
	ms := protoimpl.X.MessageStateOf(protoimpl.Pointer(x))
	ms.StoreMessageInfo(mi)
}

func (x *GetDatabaseByIDRequest) String() string {
	return protoimpl.X.MessageStringOf(x)
}

func (*GetDatabaseByIDRequest) ProtoMessage() {}

func (x *GetDatabaseByIDRequest) ProtoReflect() protoreflect.Message {
	mi := &file_catalog_service_proto_msgTypes[9]
	if x != nil {
		ms := protoimpl.X.MessageStateOf(protoimpl.Pointer(x))
		if ms.LoadMessageInfo() == nil {
			ms.StoreMessageInfo(mi)
		}
		return ms
	}
	return mi.MessageOf(x)
}

// Deprecated: Use GetDatabaseByIDRequest.ProtoReflect.Descriptor instead.
func (*GetDatabaseByIDRequest) Descriptor() ([]byte, []int) {
	return file_catalog_service_proto_rawDescGZIP(), []int{9}
}

func (x *GetDatabaseByIDRequest) GetDbId() int64 {
	if x != nil {
		return x.DbId
	}
	return 0
}

func (x *GetDatabaseByIDRequest) GetTs() uint64 {
	if x != nil {
		return x.Ts
	}
	return 0
}

type GetDatabaseResponse struct {
	state         protoimpl.MessageState
	sizeCache     protoimpl.SizeCache
	unknownFields protoimpl.UnknownFields

	Status *commonpb.Status     `protobuf:"bytes,1,opt,name=status,proto3" json:"status,omitempty"`
	Db     *etcdpb.DatabaseInfo `protobuf:"bytes,2,opt,name=db,proto3" json:"db,omitempty"`
}

func (x *GetDatabaseResponse) Reset() {
	*x = GetDatabaseResponse{}
	mi := &file_catalog_service_proto_msgTypes[10]
	ms := protoimpl.X.MessageStateOf(protoimpl.Pointer(x))
	ms.StoreMessageInfo(mi)
}

func (x *GetDatabaseResponse) String() string {
	return protoimpl.X.MessageStringOf(x)
}

func (*GetDatabaseResponse) ProtoMessage() {}

func (x *GetDatabaseResponse) ProtoReflect() protoreflect.Message {
	mi := &file_catalog_service_proto_msgTypes[10]
	if x != nil {
		ms := protoimpl.X.MessageStateOf(protoimpl.Pointer(x))
		if ms.LoadMessageInfo() == nil {
			ms.StoreMessageInfo(mi)
		}
		return ms
	}
	return mi.MessageOf(x)
}

// Deprecated: Use GetDatabaseResponse.ProtoReflect.Descriptor instead.
func (*GetDatabaseResponse) Descriptor() ([]byte, []int) {
	return file_catalog_service_proto_rawDescGZIP(), []int{10}
}

func (x *GetDatabaseResponse) GetStatus() *commonpb.Status {
	if x != nil {
		return x.Status
	}
	return nil
}

func (x *GetDatabaseResponse) GetDb() *etcdpb.DatabaseInfo {
	if x != nil {
		return x.Db
	}
	return nil
}

var File_catalog_service_proto protoreflect.FileDescriptor

var file_catalog_service_proto_rawDesc = []byte{
	0x0a, 0x15, 0x63, 0x61, 0x74, 0x61, 0x6c, 0x6f, 0x67, 0x5f, 0x73, 0x65, 0x72, 0x76, 0x69, 0x63,
	0x65, 0x2e, 0x70, 0x72, 0x6f, 0x74, 0x6f, 0x12, 0x14, 0x6d, 0x69, 0x6c, 0x76, 0x75, 0x73, 0x2e,
	0x70, 0x72, 0x6f, 0x74, 0x6f, 0x2e, 0x63, 0x61, 0x74, 0x61, 0x6c, 0x6f, 0x67, 0x1a, 0x0c, 0x63,
	0x6f, 0x6d, 0x6d, 0x6f, 0x6e, 0x2e, 0x70, 0x72, 0x6f, 0x74, 0x6f, 0x1a, 0x0f, 0x65, 0x74, 0x63,
	0x64, 0x5f, 0x6d, 0x65, 0x74, 0x61, 0x2e, 0x70, 0x72, 0x6f, 0x74, 0x6f, 0x1a, 0x18, 0x63, 0x61,
	0x74, 0x61, 0x6c, 0x6f, 0x67, 0x5f, 0x63, 0x6f, 0x6c, 0x6c, 0x65, 0x63, 0x74, 0x69, 0x6f, 0x6e,
	0x2e, 0x70, 0x72, 0x6f, 0x74, 0x6f, 0x1a, 0x17, 0x63, 0x61, 0x74, 0x61, 0x6c, 0x6f, 0x67, 0x5f,
	0x70, 0x61, 0x72, 0x74, 0x69, 0x74, 0x69, 0x6f, 0x6e, 0x2e, 0x70, 0x72, 0x6f, 0x74, 0x6f, 0x1a,
	0x13, 0x63, 0x61, 0x74, 0x61, 0x6c, 0x6f, 0x67, 0x5f, 0x61, 0x6c, 0x69, 0x61, 0x73, 0x2e, 0x70,
	0x72, 0x6f, 0x74, 0x6f, 0x1a, 0x18, 0x63, 0x61, 0x74, 0x61, 0x6c, 0x6f, 0x67, 0x5f, 0x63, 0x72,
	0x65, 0x64, 0x65, 0x6e, 0x74, 0x69, 0x61, 0x6c, 0x2e, 0x70, 0x72, 0x6f, 0x74, 0x6f, 0x1a, 0x12,
	0x63, 0x61, 0x74, 0x61, 0x6c, 0x6f, 0x67, 0x5f, 0x72, 0x6f, 0x6c, 0x65, 0x2e, 0x70, 0x72, 0x6f,
	0x74, 0x6f, 0x1a, 0x13, 0x63, 0x61, 0x74, 0x61, 0x6c, 0x6f, 0x67, 0x5f, 0x67, 0x72, 0x61, 0x6e,
	0x74, 0x2e, 0x70, 0x72, 0x6f, 0x74, 0x6f, 0x1a, 0x1c, 0x63, 0x61, 0x74, 0x61, 0x6c, 0x6f, 0x67,
	0x5f, 0x70, 0x72, 0x69, 0x76, 0x69, 0x6c, 0x65, 0x67, 0x65, 0x67, 0x72, 0x6f, 0x75, 0x70, 0x2e,
	0x70, 0x72, 0x6f, 0x74, 0x6f, 0x1a, 0x16, 0x63, 0x61, 0x74, 0x61, 0x6c, 0x6f, 0x67, 0x5f, 0x64,
	0x62, 0x63, 0x68, 0x65, 0x63, 0x6b, 0x73, 0x2e, 0x70, 0x72, 0x6f, 0x74, 0x6f, 0x1a, 0x1a, 0x63,
	0x61, 0x74, 0x61, 0x6c, 0x6f, 0x67, 0x5f, 0x66, 0x69, 0x6c, 0x65, 0x72, 0x65, 0x73, 0x6f, 0x75,
	0x72, 0x63, 0x65, 0x2e, 0x70, 0x72, 0x6f, 0x74, 0x6f, 0x22, 0x58, 0x0a, 0x15, 0x43, 0x72, 0x65,
	0x61, 0x74, 0x65, 0x44, 0x61, 0x74, 0x61, 0x62, 0x61, 0x73, 0x65, 0x52, 0x65, 0x71, 0x75, 0x65,
	0x73, 0x74, 0x12, 0x2f, 0x0a, 0x02, 0x64, 0x62, 0x18, 0x01, 0x20, 0x01, 0x28, 0x0b, 0x32, 0x1f,
	0x2e, 0x6d, 0x69, 0x6c, 0x76, 0x75, 0x73, 0x2e, 0x70, 0x72, 0x6f, 0x74, 0x6f, 0x2e, 0x65, 0x74,
	0x63, 0x64, 0x2e, 0x44, 0x61, 0x74, 0x61, 0x62, 0x61, 0x73, 0x65, 0x49, 0x6e, 0x66, 0x6f, 0x52,
	0x02, 0x64, 0x62, 0x12, 0x0e, 0x0a, 0x02, 0x74, 0x73, 0x18, 0x02, 0x20, 0x01, 0x28, 0x04, 0x52,
	0x02, 0x74, 0x73, 0x22, 0x4d, 0x0a, 0x16, 0x43, 0x72, 0x65, 0x61, 0x74, 0x65, 0x44, 0x61, 0x74,
	0x61, 0x62, 0x61, 0x73, 0x65, 0x52, 0x65, 0x73, 0x70, 0x6f, 0x6e, 0x73, 0x65, 0x12, 0x33, 0x0a,
	0x06, 0x73, 0x74, 0x61, 0x74, 0x75, 0x73, 0x18, 0x01, 0x20, 0x01, 0x28, 0x0b, 0x32, 0x1b, 0x2e,
	0x6d, 0x69, 0x6c, 0x76, 0x75, 0x73, 0x2e, 0x70, 0x72, 0x6f, 0x74, 0x6f, 0x2e, 0x63, 0x6f, 0x6d,
	0x6d, 0x6f, 0x6e, 0x2e, 0x53, 0x74, 0x61, 0x74, 0x75, 0x73, 0x52, 0x06, 0x73, 0x74, 0x61, 0x74,
	0x75, 0x73, 0x22, 0x3e, 0x0a, 0x13, 0x44, 0x72, 0x6f, 0x70, 0x44, 0x61, 0x74, 0x61, 0x62, 0x61,
	0x73, 0x65, 0x52, 0x65, 0x71, 0x75, 0x65, 0x73, 0x74, 0x12, 0x17, 0x0a, 0x07, 0x64, 0x62, 0x5f,
	0x6e, 0x61, 0x6d, 0x65, 0x18, 0x01, 0x20, 0x01, 0x28, 0x09, 0x52, 0x06, 0x64, 0x62, 0x4e, 0x61,
	0x6d, 0x65, 0x12, 0x0e, 0x0a, 0x02, 0x74, 0x73, 0x18, 0x02, 0x20, 0x01, 0x28, 0x04, 0x52, 0x02,
	0x74, 0x73, 0x22, 0x4b, 0x0a, 0x14, 0x44, 0x72, 0x6f, 0x70, 0x44, 0x61, 0x74, 0x61, 0x62, 0x61,
	0x73, 0x65, 0x52, 0x65, 0x73, 0x70, 0x6f, 0x6e, 0x73, 0x65, 0x12, 0x33, 0x0a, 0x06, 0x73, 0x74,
	0x61, 0x74, 0x75, 0x73, 0x18, 0x01, 0x20, 0x01, 0x28, 0x0b, 0x32, 0x1b, 0x2e, 0x6d, 0x69, 0x6c,
	0x76, 0x75, 0x73, 0x2e, 0x70, 0x72, 0x6f, 0x74, 0x6f, 0x2e, 0x63, 0x6f, 0x6d, 0x6d, 0x6f, 0x6e,
	0x2e, 0x53, 0x74, 0x61, 0x74, 0x75, 0x73, 0x52, 0x06, 0x73, 0x74, 0x61, 0x74, 0x75, 0x73, 0x22,
	0x57, 0x0a, 0x14, 0x41, 0x6c, 0x74, 0x65, 0x72, 0x44, 0x61, 0x74, 0x61, 0x62, 0x61, 0x73, 0x65,
	0x52, 0x65, 0x71, 0x75, 0x65, 0x73, 0x74, 0x12, 0x2f, 0x0a, 0x02, 0x64, 0x62, 0x18, 0x01, 0x20,
	0x01, 0x28, 0x0b, 0x32, 0x1f, 0x2e, 0x6d, 0x69, 0x6c, 0x76, 0x75, 0x73, 0x2e, 0x70, 0x72, 0x6f,
	0x74, 0x6f, 0x2e, 0x65, 0x74, 0x63, 0x64, 0x2e, 0x44, 0x61, 0x74, 0x61, 0x62, 0x61, 0x73, 0x65,
	0x49, 0x6e, 0x66, 0x6f, 0x52, 0x02, 0x64, 0x62, 0x12, 0x0e, 0x0a, 0x02, 0x74, 0x73, 0x18, 0x02,
	0x20, 0x01, 0x28, 0x04, 0x52, 0x02, 0x74, 0x73, 0x22, 0x4c, 0x0a, 0x15, 0x41, 0x6c, 0x74, 0x65,
	0x72, 0x44, 0x61, 0x74, 0x61, 0x62, 0x61, 0x73, 0x65, 0x52, 0x65, 0x73, 0x70, 0x6f, 0x6e, 0x73,
	0x65, 0x12, 0x33, 0x0a, 0x06, 0x73, 0x74, 0x61, 0x74, 0x75, 0x73, 0x18, 0x01, 0x20, 0x01, 0x28,
	0x0b, 0x32, 0x1b, 0x2e, 0x6d, 0x69, 0x6c, 0x76, 0x75, 0x73, 0x2e, 0x70, 0x72, 0x6f, 0x74, 0x6f,
	0x2e, 0x63, 0x6f, 0x6d, 0x6d, 0x6f, 0x6e, 0x2e, 0x53, 0x74, 0x61, 0x74, 0x75, 0x73, 0x52, 0x06,
	0x73, 0x74, 0x61, 0x74, 0x75, 0x73, 0x22, 0x26, 0x0a, 0x14, 0x4c, 0x69, 0x73, 0x74, 0x44, 0x61,
	0x74, 0x61, 0x62, 0x61, 0x73, 0x65, 0x73, 0x52, 0x65, 0x71, 0x75, 0x65, 0x73, 0x74, 0x12, 0x0e,
	0x0a, 0x02, 0x74, 0x73, 0x18, 0x01, 0x20, 0x01, 0x28, 0x04, 0x52, 0x02, 0x74, 0x73, 0x22, 0x7f,
	0x0a, 0x15, 0x4c, 0x69, 0x73, 0x74, 0x44, 0x61, 0x74, 0x61, 0x62, 0x61, 0x73, 0x65, 0x73, 0x52,
	0x65, 0x73, 0x70, 0x6f, 0x6e, 0x73, 0x65, 0x12, 0x33, 0x0a, 0x06, 0x73, 0x74, 0x61, 0x74, 0x75,
	0x73, 0x18, 0x01, 0x20, 0x01, 0x28, 0x0b, 0x32, 0x1b, 0x2e, 0x6d, 0x69, 0x6c, 0x76, 0x75, 0x73,
	0x2e, 0x70, 0x72, 0x6f, 0x74, 0x6f, 0x2e, 0x63, 0x6f, 0x6d, 0x6d, 0x6f, 0x6e, 0x2e, 0x53, 0x74,
	0x61, 0x74, 0x75, 0x73, 0x52, 0x06, 0x73, 0x74, 0x61, 0x74, 0x75, 0x73, 0x12, 0x31, 0x0a, 0x03,
	0x64, 0x62, 0x73, 0x18, 0x02, 0x20, 0x03, 0x28, 0x0b, 0x32, 0x1f, 0x2e, 0x6d, 0x69, 0x6c, 0x76,
	0x75, 0x73, 0x2e, 0x70, 0x72, 0x6f, 0x74, 0x6f, 0x2e, 0x65, 0x74, 0x63, 0x64, 0x2e, 0x44, 0x61,
	0x74, 0x61, 0x62, 0x61, 0x73, 0x65, 0x49, 0x6e, 0x66, 0x6f, 0x52, 0x03, 0x64, 0x62, 0x73, 0x22,
	0x43, 0x0a, 0x18, 0x47, 0x65, 0x74, 0x44, 0x61, 0x74, 0x61, 0x62, 0x61, 0x73, 0x65, 0x42, 0x79,
	0x4e, 0x61, 0x6d, 0x65, 0x52, 0x65, 0x71, 0x75, 0x65, 0x73, 0x74, 0x12, 0x17, 0x0a, 0x07, 0x64,
	0x62, 0x5f, 0x6e, 0x61, 0x6d, 0x65, 0x18, 0x01, 0x20, 0x01, 0x28, 0x09, 0x52, 0x06, 0x64, 0x62,
	0x4e, 0x61, 0x6d, 0x65, 0x12, 0x0e, 0x0a, 0x02, 0x74, 0x73, 0x18, 0x02, 0x20, 0x01, 0x28, 0x04,
	0x52, 0x02, 0x74, 0x73, 0x22, 0x3d, 0x0a, 0x16, 0x47, 0x65, 0x74, 0x44, 0x61, 0x74, 0x61, 0x62,
	0x61, 0x73, 0x65, 0x42, 0x79, 0x49, 0x44, 0x52, 0x65, 0x71, 0x75, 0x65, 0x73, 0x74, 0x12, 0x13,
	0x0a, 0x05, 0x64, 0x62, 0x5f, 0x69, 0x64, 0x18, 0x01, 0x20, 0x01, 0x28, 0x03, 0x52, 0x04, 0x64,
	0x62, 0x49, 0x64, 0x12, 0x0e, 0x0a, 0x02, 0x74, 0x73, 0x18, 0x02, 0x20, 0x01, 0x28, 0x04, 0x52,
	0x02, 0x74, 0x73, 0x22, 0x7b, 0x0a, 0x13, 0x47, 0x65, 0x74, 0x44, 0x61, 0x74, 0x61, 0x62, 0x61,
	0x73, 0x65, 0x52, 0x65, 0x73, 0x70, 0x6f, 0x6e, 0x73, 0x65, 0x12, 0x33, 0x0a, 0x06, 0x73, 0x74,
	0x61, 0x74, 0x75, 0x73, 0x18, 0x01, 0x20, 0x01, 0x28, 0x0b, 0x32, 0x1b, 0x2e, 0x6d, 0x69, 0x6c,
	0x76, 0x75, 0x73, 0x2e, 0x70, 0x72, 0x6f, 0x74, 0x6f, 0x2e, 0x63, 0x6f, 0x6d, 0x6d, 0x6f, 0x6e,
	0x2e, 0x53, 0x74, 0x61, 0x74, 0x75, 0x73, 0x52, 0x06, 0x73, 0x74, 0x61, 0x74, 0x75, 0x73, 0x12,
	0x2f, 0x0a, 0x02, 0x64, 0x62, 0x18, 0x02, 0x20, 0x01, 0x28, 0x0b, 0x32, 0x1f, 0x2e, 0x6d, 0x69,
	0x6c, 0x76, 0x75, 0x73, 0x2e, 0x70, 0x72, 0x6f, 0x74, 0x6f, 0x2e, 0x65, 0x74, 0x63, 0x64, 0x2e,
	0x44, 0x61, 0x74, 0x61, 0x62, 0x61, 0x73, 0x65, 0x49, 0x6e, 0x66, 0x6f, 0x52, 0x02, 0x64, 0x62,
	0x32, 0xb0, 0x4a, 0x0a, 0x0e, 0x43, 0x61, 0x74, 0x61, 0x6c, 0x6f, 0x67, 0x53, 0x65, 0x72, 0x76,
	0x69, 0x63, 0x65, 0x12, 0x6b, 0x0a, 0x0e, 0x43, 0x72, 0x65, 0x61, 0x74, 0x65, 0x44, 0x61, 0x74,
	0x61, 0x62, 0x61, 0x73, 0x65, 0x12, 0x2b, 0x2e, 0x6d, 0x69, 0x6c, 0x76, 0x75, 0x73, 0x2e, 0x70,
	0x72, 0x6f, 0x74, 0x6f, 0x2e, 0x63, 0x61, 0x74, 0x61, 0x6c, 0x6f, 0x67, 0x2e, 0x43, 0x72, 0x65,
	0x61, 0x74, 0x65, 0x44, 0x61, 0x74, 0x61, 0x62, 0x61, 0x73, 0x65, 0x52, 0x65, 0x71, 0x75, 0x65,
	0x73, 0x74, 0x1a, 0x2c, 0x2e, 0x6d, 0x69, 0x6c, 0x76, 0x75, 0x73, 0x2e, 0x70, 0x72, 0x6f, 0x74,
	0x6f, 0x2e, 0x63, 0x61, 0x74, 0x61, 0x6c, 0x6f, 0x67, 0x2e, 0x43, 0x72, 0x65, 0x61, 0x74, 0x65,
	0x44, 0x61, 0x74, 0x61, 0x62, 0x61, 0x73, 0x65, 0x52, 0x65, 0x73, 0x70, 0x6f, 0x6e, 0x73, 0x65,
	0x12, 0x65, 0x0a, 0x0c, 0x44, 0x72, 0x6f, 0x70, 0x44, 0x61, 0x74, 0x61, 0x62, 0x61, 0x73, 0x65,
	0x12, 0x29, 0x2e, 0x6d, 0x69, 0x6c, 0x76, 0x75, 0x73, 0x2e, 0x70, 0x72, 0x6f, 0x74, 0x6f, 0x2e,
	0x63, 0x61, 0x74, 0x61, 0x6c, 0x6f, 0x67, 0x2e, 0x44, 0x72, 0x6f, 0x70, 0x44, 0x61, 0x74, 0x61,
	0x62, 0x61, 0x73, 0x65, 0x52, 0x65, 0x71, 0x75, 0x65, 0x73, 0x74, 0x1a, 0x2a, 0x2e, 0x6d, 0x69,
	0x6c, 0x76, 0x75, 0x73, 0x2e, 0x70, 0x72, 0x6f, 0x74, 0x6f, 0x2e, 0x63, 0x61, 0x74, 0x61, 0x6c,
	0x6f, 0x67, 0x2e, 0x44, 0x72, 0x6f, 0x70, 0x44, 0x61, 0x74, 0x61, 0x62, 0x61, 0x73, 0x65, 0x52,
	0x65, 0x73, 0x70, 0x6f, 0x6e, 0x73, 0x65, 0x12, 0x68, 0x0a, 0x0d, 0x41, 0x6c, 0x74, 0x65, 0x72,
	0x44, 0x61, 0x74, 0x61, 0x62, 0x61, 0x73, 0x65, 0x12, 0x2a, 0x2e, 0x6d, 0x69, 0x6c, 0x76, 0x75,
	0x73, 0x2e, 0x70, 0x72, 0x6f, 0x74, 0x6f, 0x2e, 0x63, 0x61, 0x74, 0x61, 0x6c, 0x6f, 0x67, 0x2e,
	0x41, 0x6c, 0x74, 0x65, 0x72, 0x44, 0x61, 0x74, 0x61, 0x62, 0x61, 0x73, 0x65, 0x52, 0x65, 0x71,
	0x75, 0x65, 0x73, 0x74, 0x1a, 0x2b, 0x2e, 0x6d, 0x69, 0x6c, 0x76, 0x75, 0x73, 0x2e, 0x70, 0x72,
	0x6f, 0x74, 0x6f, 0x2e, 0x63, 0x61, 0x74, 0x61, 0x6c, 0x6f, 0x67, 0x2e, 0x41, 0x6c, 0x74, 0x65,
	0x72, 0x44, 0x61, 0x74, 0x61, 0x62, 0x61, 0x73, 0x65, 0x52, 0x65, 0x73, 0x70, 0x6f, 0x6e, 0x73,
	0x65, 0x12, 0x68, 0x0a, 0x0d, 0x4c, 0x69, 0x73, 0x74, 0x44, 0x61, 0x74, 0x61, 0x62, 0x61, 0x73,
	0x65, 0x73, 0x12, 0x2a, 0x2e, 0x6d, 0x69, 0x6c, 0x76, 0x75, 0x73, 0x2e, 0x70, 0x72, 0x6f, 0x74,
	0x6f, 0x2e, 0x63, 0x61, 0x74, 0x61, 0x6c, 0x6f, 0x67, 0x2e, 0x4c, 0x69, 0x73, 0x74, 0x44, 0x61,
	0x74, 0x61, 0x62, 0x61, 0x73, 0x65, 0x73, 0x52, 0x65, 0x71, 0x75, 0x65, 0x73, 0x74, 0x1a, 0x2b,
	0x2e, 0x6d, 0x69, 0x6c, 0x76, 0x75, 0x73, 0x2e, 0x70, 0x72, 0x6f, 0x74, 0x6f, 0x2e, 0x63, 0x61,
	0x74, 0x61, 0x6c, 0x6f, 0x67, 0x2e, 0x4c, 0x69, 0x73, 0x74, 0x44, 0x61, 0x74, 0x61, 0x62, 0x61,
	0x73, 0x65, 0x73, 0x52, 0x65, 0x73, 0x70, 0x6f, 0x6e, 0x73, 0x65, 0x12, 0x6e, 0x0a, 0x11, 0x47,
	0x65, 0x74, 0x44, 0x61, 0x74, 0x61, 0x62, 0x61, 0x73, 0x65, 0x42, 0x79, 0x4e, 0x61, 0x6d, 0x65,
	0x12, 0x2e, 0x2e, 0x6d, 0x69, 0x6c, 0x76, 0x75, 0x73, 0x2e, 0x70, 0x72, 0x6f, 0x74, 0x6f, 0x2e,
	0x63, 0x61, 0x74, 0x61, 0x6c, 0x6f, 0x67, 0x2e, 0x47, 0x65, 0x74, 0x44, 0x61, 0x74, 0x61, 0x62,
	0x61, 0x73, 0x65, 0x42, 0x79, 0x4e, 0x61, 0x6d, 0x65, 0x52, 0x65, 0x71, 0x75, 0x65, 0x73, 0x74,
	0x1a, 0x29, 0x2e, 0x6d, 0x69, 0x6c, 0x76, 0x75, 0x73, 0x2e, 0x70, 0x72, 0x6f, 0x74, 0x6f, 0x2e,
	0x63, 0x61, 0x74, 0x61, 0x6c, 0x6f, 0x67, 0x2e, 0x47, 0x65, 0x74, 0x44, 0x61, 0x74, 0x61, 0x62,
	0x61, 0x73, 0x65, 0x52, 0x65, 0x73, 0x70, 0x6f, 0x6e, 0x73, 0x65, 0x12, 0x6a, 0x0a, 0x0f, 0x47,
	0x65, 0x74, 0x44, 0x61, 0x74, 0x61, 0x62, 0x61, 0x73, 0x65, 0x42, 0x79, 0x49, 0x44, 0x12, 0x2c,
	0x2e, 0x6d, 0x69, 0x6c, 0x76, 0x75, 0x73, 0x2e, 0x70, 0x72, 0x6f, 0x74, 0x6f, 0x2e, 0x63, 0x61,
	0x74, 0x61, 0x6c, 0x6f, 0x67, 0x2e, 0x47, 0x65, 0x74, 0x44, 0x61, 0x74, 0x61, 0x62, 0x61, 0x73,
	0x65, 0x42, 0x79, 0x49, 0x44, 0x52, 0x65, 0x71, 0x75, 0x65, 0x73, 0x74, 0x1a, 0x29, 0x2e, 0x6d,
	0x69, 0x6c, 0x76, 0x75, 0x73, 0x2e, 0x70, 0x72, 0x6f, 0x74, 0x6f, 0x2e, 0x63, 0x61, 0x74, 0x61,
	0x6c, 0x6f, 0x67, 0x2e, 0x47, 0x65, 0x74, 0x44, 0x61, 0x74, 0x61, 0x62, 0x61, 0x73, 0x65, 0x52,
	0x65, 0x73, 0x70, 0x6f, 0x6e, 0x73, 0x65, 0x12, 0x68, 0x0a, 0x0d, 0x41, 0x64, 0x64, 0x43, 0x6f,
	0x6c, 0x6c, 0x65, 0x63, 0x74, 0x69, 0x6f, 0x6e, 0x12, 0x2a, 0x2e, 0x6d, 0x69, 0x6c, 0x76, 0x75,
	0x73, 0x2e, 0x70, 0x72, 0x6f, 0x74, 0x6f, 0x2e, 0x63, 0x61, 0x74, 0x61, 0x6c, 0x6f, 0x67, 0x2e,
	0x41, 0x64, 0x64, 0x43, 0x6f, 0x6c, 0x6c, 0x65, 0x63, 0x74, 0x69, 0x6f, 0x6e, 0x52, 0x65, 0x71,
	0x75, 0x65, 0x73, 0x74, 0x1a, 0x2b, 0x2e, 0x6d, 0x69, 0x6c, 0x76, 0x75, 0x73, 0x2e, 0x70, 0x72,
	0x6f, 0x74, 0x6f, 0x2e, 0x63, 0x61, 0x74, 0x61, 0x6c, 0x6f, 0x67, 0x2e, 0x41, 0x64, 0x64, 0x43,
	0x6f, 0x6c, 0x6c, 0x65, 0x63, 0x74, 0x69, 0x6f, 0x6e, 0x52, 0x65, 0x73, 0x70, 0x6f, 0x6e, 0x73,
	0x65, 0x12, 0x6b, 0x0a, 0x0e, 0x44, 0x72, 0x6f, 0x70, 0x43, 0x6f, 0x6c, 0x6c, 0x65, 0x63, 0x74,
	0x69, 0x6f, 0x6e, 0x12, 0x2b, 0x2e, 0x6d, 0x69, 0x6c, 0x76, 0x75, 0x73, 0x2e, 0x70, 0x72, 0x6f,
	0x74, 0x6f, 0x2e, 0x63, 0x61, 0x74, 0x61, 0x6c, 0x6f, 0x67, 0x2e, 0x44, 0x72, 0x6f, 0x70, 0x43,
	0x6f, 0x6c, 0x6c, 0x65, 0x63, 0x74, 0x69, 0x6f, 0x6e, 0x52, 0x65, 0x71, 0x75, 0x65, 0x73, 0x74,
	0x1a, 0x2c, 0x2e, 0x6d, 0x69, 0x6c, 0x76, 0x75, 0x73, 0x2e, 0x70, 0x72, 0x6f, 0x74, 0x6f, 0x2e,
	0x63, 0x61, 0x74, 0x61, 0x6c, 0x6f, 0x67, 0x2e, 0x44, 0x72, 0x6f, 0x70, 0x43, 0x6f, 0x6c, 0x6c,
	0x65, 0x63, 0x74, 0x69, 0x6f, 0x6e, 0x52, 0x65, 0x73, 0x70, 0x6f, 0x6e, 0x73, 0x65, 0x12, 0x71,
	0x0a, 0x10, 0x52, 0x65, 0x6d, 0x6f, 0x76, 0x65, 0x43, 0x6f, 0x6c, 0x6c, 0x65, 0x63, 0x74, 0x69,
	0x6f, 0x6e, 0x12, 0x2d, 0x2e, 0x6d, 0x69, 0x6c, 0x76, 0x75, 0x73, 0x2e, 0x70, 0x72, 0x6f, 0x74,
	0x6f, 0x2e, 0x63, 0x61, 0x74, 0x61, 0x6c, 0x6f, 0x67, 0x2e, 0x52, 0x65, 0x6d, 0x6f, 0x76, 0x65,
	0x43, 0x6f, 0x6c, 0x6c, 0x65, 0x63, 0x74, 0x69, 0x6f, 0x6e, 0x52, 0x65, 0x71, 0x75, 0x65, 0x73,
	0x74, 0x1a, 0x2e, 0x2e, 0x6d, 0x69, 0x6c, 0x76, 0x75, 0x73, 0x2e, 0x70, 0x72, 0x6f, 0x74, 0x6f,
	0x2e, 0x63, 0x61, 0x74, 0x61, 0x6c, 0x6f, 0x67, 0x2e, 0x52, 0x65, 0x6d, 0x6f, 0x76, 0x65, 0x43,
	0x6f, 0x6c, 0x6c, 0x65, 0x63, 0x74, 0x69, 0x6f, 0x6e, 0x52, 0x65, 0x73, 0x70, 0x6f, 0x6e, 0x73,
	0x65, 0x12, 0x6e, 0x0a, 0x0f, 0x47, 0x65, 0x74, 0x43, 0x6f, 0x6c, 0x6c, 0x65, 0x63, 0x74, 0x69,
	0x6f, 0x6e, 0x49, 0x44, 0x12, 0x2c, 0x2e, 0x6d, 0x69, 0x6c, 0x76, 0x75, 0x73, 0x2e, 0x70, 0x72,
	0x6f, 0x74, 0x6f, 0x2e, 0x63, 0x61, 0x74, 0x61, 0x6c, 0x6f, 0x67, 0x2e, 0x47, 0x65, 0x74, 0x43,
	0x6f, 0x6c, 0x6c, 0x65, 0x63, 0x74, 0x69, 0x6f, 0x6e, 0x49, 0x44, 0x52, 0x65, 0x71, 0x75, 0x65,
	0x73, 0x74, 0x1a, 0x2d, 0x2e, 0x6d, 0x69, 0x6c, 0x76, 0x75, 0x73, 0x2e, 0x70, 0x72, 0x6f, 0x74,
	0x6f, 0x2e, 0x63, 0x61, 0x74, 0x61, 0x6c, 0x6f, 0x67, 0x2e, 0x47, 0x65, 0x74, 0x43, 0x6f, 0x6c,
	0x6c, 0x65, 0x63, 0x74, 0x69, 0x6f, 0x6e, 0x49, 0x44, 0x52, 0x65, 0x73, 0x70, 0x6f, 0x6e, 0x73,
	0x65, 0x12, 0x7a, 0x0a, 0x13, 0x47, 0x65, 0x74, 0x43, 0x6f, 0x6c, 0x6c, 0x65, 0x63, 0x74, 0x69,
	0x6f, 0x6e, 0x42, 0x79, 0x4e, 0x61, 0x6d, 0x65, 0x12, 0x30, 0x2e, 0x6d, 0x69, 0x6c, 0x76, 0x75,
	0x73, 0x2e, 0x70, 0x72, 0x6f, 0x74, 0x6f, 0x2e, 0x63, 0x61, 0x74, 0x61, 0x6c, 0x6f, 0x67, 0x2e,
	0x47, 0x65, 0x74, 0x43, 0x6f, 0x6c, 0x6c, 0x65, 0x63, 0x74, 0x69, 0x6f, 0x6e, 0x42, 0x79, 0x4e,
	0x61, 0x6d, 0x65, 0x52, 0x65, 0x71, 0x75, 0x65, 0x73, 0x74, 0x1a, 0x31, 0x2e, 0x6d, 0x69, 0x6c,
	0x76, 0x75, 0x73, 0x2e, 0x70, 0x72, 0x6f, 0x74, 0x6f, 0x2e, 0x63, 0x61, 0x74, 0x61, 0x6c, 0x6f,
	0x67, 0x2e, 0x47, 0x65, 0x74, 0x43, 0x6f, 0x6c, 0x6c, 0x65, 0x63, 0x74, 0x69, 0x6f, 0x6e, 0x42,
	0x79, 0x4e, 0x61, 0x6d, 0x65, 0x52, 0x65, 0x73, 0x70, 0x6f, 0x6e, 0x73, 0x65, 0x12, 0x74, 0x0a,
	0x11, 0x47, 0x65, 0x74, 0x43, 0x6f, 0x6c, 0x6c, 0x65, 0x63, 0x74, 0x69, 0x6f, 0x6e, 0x42, 0x79,
	0x49, 0x44, 0x12, 0x2e, 0x2e, 0x6d, 0x69, 0x6c, 0x76, 0x75, 0x73, 0x2e, 0x70, 0x72, 0x6f, 0x74,
	0x6f, 0x2e, 0x63, 0x61, 0x74, 0x61, 0x6c, 0x6f, 0x67, 0x2e, 0x47, 0x65, 0x74, 0x43, 0x6f, 0x6c,
	0x6c, 0x65, 0x63, 0x74, 0x69, 0x6f, 0x6e, 0x42, 0x79, 0x49, 0x44, 0x52, 0x65, 0x71, 0x75, 0x65,
	0x73, 0x74, 0x1a, 0x2f, 0x2e, 0x6d, 0x69, 0x6c, 0x76, 0x75, 0x73, 0x2e, 0x70, 0x72, 0x6f, 0x74,
	0x6f, 0x2e, 0x63, 0x61, 0x74, 0x61, 0x6c, 0x6f, 0x67, 0x2e, 0x47, 0x65, 0x74, 0x43, 0x6f, 0x6c,
	0x6c, 0x65, 0x63, 0x74, 0x69, 0x6f, 0x6e, 0x42, 0x79, 0x49, 0x44, 0x52, 0x65, 0x73, 0x70, 0x6f,
	0x6e, 0x73, 0x65, 0x12, 0x8f, 0x01, 0x0a, 0x1a, 0x47, 0x65, 0x74, 0x43, 0x6f, 0x6c, 0x6c, 0x65,
	0x63, 0x74, 0x69, 0x6f, 0x6e, 0x42, 0x79, 0x49, 0x44, 0x57, 0x69, 0x74, 0x68, 0x4d, 0x61, 0x78,
	0x54, 0x73, 0x12, 0x37, 0x2e, 0x6d, 0x69, 0x6c, 0x76, 0x75, 0x73, 0x2e, 0x70, 0x72, 0x6f, 0x74,
	0x6f, 0x2e, 0x63, 0x61, 0x74, 0x61, 0x6c, 0x6f, 0x67, 0x2e, 0x47, 0x65, 0x74, 0x43, 0x6f, 0x6c,
	0x6c, 0x65, 0x63, 0x74, 0x69, 0x6f, 0x6e, 0x42, 0x79, 0x49, 0x44, 0x57, 0x69, 0x74, 0x68, 0x4d,
	0x61, 0x78, 0x54, 0x73, 0x52, 0x65, 0x71, 0x75, 0x65, 0x73, 0x74, 0x1a, 0x38, 0x2e, 0x6d, 0x69,
	0x6c, 0x76, 0x75, 0x73, 0x2e, 0x70, 0x72, 0x6f, 0x74, 0x6f, 0x2e, 0x63, 0x61, 0x74, 0x61, 0x6c,
	0x6f, 0x67, 0x2e, 0x47, 0x65, 0x74, 0x43, 0x6f, 0x6c, 0x6c, 0x65, 0x63, 0x74, 0x69, 0x6f, 0x6e,
	0x42, 0x79, 0x49, 0x44, 0x57, 0x69, 0x74, 0x68, 0x4d, 0x61, 0x78, 0x54, 0x73, 0x52, 0x65, 0x73,
	0x70, 0x6f, 0x6e, 0x73, 0x65, 0x12, 0x6e, 0x0a, 0x0f, 0x4c, 0x69, 0x73, 0x74, 0x43, 0x6f, 0x6c,
	0x6c, 0x65, 0x63, 0x74, 0x69, 0x6f, 0x6e, 0x73, 0x12, 0x2c, 0x2e, 0x6d, 0x69, 0x6c, 0x76, 0x75,
	0x73, 0x2e, 0x70, 0x72, 0x6f, 0x74, 0x6f, 0x2e, 0x63, 0x61, 0x74, 0x61, 0x6c, 0x6f, 0x67, 0x2e,
	0x4c, 0x69, 0x73, 0x74, 0x43, 0x6f, 0x6c, 0x6c, 0x65, 0x63, 0x74, 0x69, 0x6f, 0x6e, 0x73, 0x52,
	0x65, 0x71, 0x75, 0x65, 0x73, 0x74, 0x1a, 0x2d, 0x2e, 0x6d, 0x69, 0x6c, 0x76, 0x75, 0x73, 0x2e,
	0x70, 0x72, 0x6f, 0x74, 0x6f, 0x2e, 0x63, 0x61, 0x74, 0x61, 0x6c, 0x6f, 0x67, 0x2e, 0x4c, 0x69,
	0x73, 0x74, 0x43, 0x6f, 0x6c, 0x6c, 0x65, 0x63, 0x74, 0x69, 0x6f, 0x6e, 0x73, 0x52, 0x65, 0x73,
	0x70, 0x6f, 0x6e, 0x73, 0x65, 0x12, 0x86, 0x01, 0x0a, 0x17, 0x4c, 0x69, 0x73, 0x74, 0x41, 0x6c,
	0x6c, 0x41, 0x76, 0x61, 0x69, 0x6c, 0x43, 0x6f, 0x6c, 0x6c, 0x65, 0x63, 0x74, 0x69, 0x6f, 0x6e,
	0x73, 0x12, 0x34, 0x2e, 0x6d, 0x69, 0x6c, 0x76, 0x75, 0x73, 0x2e, 0x70, 0x72, 0x6f, 0x74, 0x6f,
	0x2e, 0x63, 0x61, 0x74, 0x61, 0x6c, 0x6f, 0x67, 0x2e, 0x4c, 0x69, 0x73, 0x74, 0x41, 0x6c, 0x6c,
	0x41, 0x76, 0x61, 0x69, 0x6c, 0x43, 0x6f, 0x6c, 0x6c, 0x65, 0x63, 0x74, 0x69, 0x6f, 0x6e, 0x73,
	0x52, 0x65, 0x71, 0x75, 0x65, 0x73, 0x74, 0x1a, 0x35, 0x2e, 0x6d, 0x69, 0x6c, 0x76, 0x75, 0x73,
	0x2e, 0x70, 0x72, 0x6f, 0x74, 0x6f, 0x2e, 0x63, 0x61, 0x74, 0x61, 0x6c, 0x6f, 0x67, 0x2e, 0x4c,
	0x69, 0x73, 0x74, 0x41, 0x6c, 0x6c, 0x41, 0x76, 0x61, 0x69, 0x6c, 0x43, 0x6f, 0x6c, 0x6c, 0x65,
	0x63, 0x74, 0x69, 0x6f, 0x6e, 0x73, 0x52, 0x65, 0x73, 0x70, 0x6f, 0x6e, 0x73, 0x65, 0x12, 0x83,
	0x01, 0x0a, 0x16, 0x4c, 0x69, 0x73, 0x74, 0x41, 0x6c, 0x6c, 0x41, 0x76, 0x61, 0x69, 0x6c, 0x50,
	0x61, 0x72, 0x74, 0x69, 0x74, 0x69, 0x6f, 0x6e, 0x73, 0x12, 0x33, 0x2e, 0x6d, 0x69, 0x6c, 0x76,
	0x75, 0x73, 0x2e, 0x70, 0x72, 0x6f, 0x74, 0x6f, 0x2e, 0x63, 0x61, 0x74, 0x61, 0x6c, 0x6f, 0x67,
	0x2e, 0x4c, 0x69, 0x73, 0x74, 0x41, 0x6c, 0x6c, 0x41, 0x76, 0x61, 0x69, 0x6c, 0x50, 0x61, 0x72,
	0x74, 0x69, 0x74, 0x69, 0x6f, 0x6e, 0x73, 0x52, 0x65, 0x71, 0x75, 0x65, 0x73, 0x74, 0x1a, 0x34,
	0x2e, 0x6d, 0x69, 0x6c, 0x76, 0x75, 0x73, 0x2e, 0x70, 0x72, 0x6f, 0x74, 0x6f, 0x2e, 0x63, 0x61,
	0x74, 0x61, 0x6c, 0x6f, 0x67, 0x2e, 0x4c, 0x69, 0x73, 0x74, 0x41, 0x6c, 0x6c, 0x41, 0x76, 0x61,
	0x69, 0x6c, 0x50, 0x61, 0x72, 0x74, 0x69, 0x74, 0x69, 0x6f, 0x6e, 0x73, 0x52, 0x65, 0x73, 0x70,
	0x6f, 0x6e, 0x73, 0x65, 0x12, 0x9b, 0x01, 0x0a, 0x1e, 0x4c, 0x69, 0x73, 0x74, 0x43, 0x6f, 0x6c,
	0x6c, 0x65, 0x63, 0x74, 0x69, 0x6f, 0x6e, 0x50, 0x68, 0x79, 0x73, 0x69, 0x63, 0x61, 0x6c, 0x43,
	0x68, 0x61, 0x6e, 0x6e, 0x65, 0x6c, 0x73, 0x12, 0x3b, 0x2e, 0x6d, 0x69, 0x6c, 0x76, 0x75, 0x73,
	0x2e, 0x70, 0x72, 0x6f, 0x74, 0x6f, 0x2e, 0x63, 0x61, 0x74, 0x61, 0x6c, 0x6f, 0x67, 0x2e, 0x4c,
	0x69, 0x73, 0x74, 0x43, 0x6f, 0x6c, 0x6c, 0x65, 0x63, 0x74, 0x69, 0x6f, 0x6e, 0x50, 0x68, 0x79,
	0x73, 0x69, 0x63, 0x61, 0x6c, 0x43, 0x68, 0x61, 0x6e, 0x6e, 0x65, 0x6c, 0x73, 0x52, 0x65, 0x71,
	0x75, 0x65, 0x73, 0x74, 0x1a, 0x3c, 0x2e, 0x6d, 0x69, 0x6c, 0x76, 0x75, 0x73, 0x2e, 0x70, 0x72,
	0x6f, 0x74, 0x6f, 0x2e, 0x63, 0x61, 0x74, 0x61, 0x6c, 0x6f, 0x67, 0x2e, 0x4c, 0x69, 0x73, 0x74,
	0x43, 0x6f, 0x6c, 0x6c, 0x65, 0x63, 0x74, 0x69, 0x6f, 0x6e, 0x50, 0x68, 0x79, 0x73, 0x69, 0x63,
	0x61, 0x6c, 0x43, 0x68, 0x61, 0x6e, 0x6e, 0x65, 0x6c, 0x73, 0x52, 0x65, 0x73, 0x70, 0x6f, 0x6e,
	0x73, 0x65, 0x12, 0x95, 0x01, 0x0a, 0x1c, 0x47, 0x65, 0x74, 0x43, 0x6f, 0x6c, 0x6c, 0x65, 0x63,
	0x74, 0x69, 0x6f, 0x6e, 0x56, 0x69, 0x72, 0x74, 0x75, 0x61, 0x6c, 0x43, 0x68, 0x61, 0x6e, 0x6e,
	0x65, 0x6c, 0x73, 0x12, 0x39, 0x2e, 0x6d, 0x69, 0x6c, 0x76, 0x75, 0x73, 0x2e, 0x70, 0x72, 0x6f,
	0x74, 0x6f, 0x2e, 0x63, 0x61, 0x74, 0x61, 0x6c, 0x6f, 0x67, 0x2e, 0x47, 0x65, 0x74, 0x43, 0x6f,
	0x6c, 0x6c, 0x65, 0x63, 0x74, 0x69, 0x6f, 0x6e, 0x56, 0x69, 0x72, 0x74, 0x75, 0x61, 0x6c, 0x43,
	0x68, 0x61, 0x6e, 0x6e, 0x65, 0x6c, 0x73, 0x52, 0x65, 0x71, 0x75, 0x65, 0x73, 0x74, 0x1a, 0x3a,
	0x2e, 0x6d, 0x69, 0x6c, 0x76, 0x75, 0x73, 0x2e, 0x70, 0x72, 0x6f, 0x74, 0x6f, 0x2e, 0x63, 0x61,
	0x74, 0x61, 0x6c, 0x6f, 0x67, 0x2e, 0x47, 0x65, 0x74, 0x43, 0x6f, 0x6c, 0x6c, 0x65, 0x63, 0x74,
	0x69, 0x6f, 0x6e, 0x56, 0x69, 0x72, 0x74, 0x75, 0x61, 0x6c, 0x43, 0x68, 0x61, 0x6e, 0x6e, 0x65,
	0x6c, 0x73, 0x52, 0x65, 0x73, 0x70, 0x6f, 0x6e, 0x73, 0x65, 0x12, 0x6e, 0x0a, 0x0f, 0x47, 0x65,
	0x74, 0x50, 0x43, 0x68, 0x61, 0x6e, 0x6e, 0x65, 0x6c, 0x49, 0x6e, 0x66, 0x6f, 0x12, 0x2c, 0x2e,
	0x6d, 0x69, 0x6c, 0x76, 0x75, 0x73, 0x2e, 0x70, 0x72, 0x6f, 0x74, 0x6f, 0x2e, 0x63, 0x61, 0x74,
	0x61, 0x6c, 0x6f, 0x67, 0x2e, 0x47, 0x65, 0x74, 0x50, 0x43, 0x68, 0x61, 0x6e, 0x6e, 0x65, 0x6c,
	0x49, 0x6e, 0x66, 0x6f, 0x52, 0x65, 0x71, 0x75, 0x65, 0x73, 0x74, 0x1a, 0x2d, 0x2e, 0x6d, 0x69,
	0x6c, 0x76, 0x75, 0x73, 0x2e, 0x70, 0x72, 0x6f, 0x74, 0x6f, 0x2e, 0x63, 0x61, 0x74, 0x61, 0x6c,
	0x6f, 0x67, 0x2e, 0x47, 0x65, 0x74, 0x50, 0x43, 0x68, 0x61, 0x6e, 0x6e, 0x65, 0x6c, 0x49, 0x6e,
	0x66, 0x6f, 0x52, 0x65, 0x73, 0x70, 0x6f, 0x6e, 0x73, 0x65, 0x12, 0x8f, 0x01, 0x0a, 0x1a, 0x43,
	0x68, 0x65, 0x63, 0x6b, 0x49, 0x66, 0x43, 0x6f, 0x6c, 0x6c, 0x65, 0x63, 0x74, 0x69, 0x6f, 0x6e,
	0x52, 0x65, 0x6e, 0x61, 0x6d, 0x61, 0x62, 0x6c, 0x65, 0x12, 0x37, 0x2e, 0x6d, 0x69, 0x6c, 0x76,
	0x75, 0x73, 0x2e, 0x70, 0x72, 0x6f, 0x74, 0x6f, 0x2e, 0x63, 0x61, 0x74, 0x61, 0x6c, 0x6f, 0x67,
	0x2e, 0x43, 0x68, 0x65, 0x63, 0x6b, 0x49, 0x66, 0x43, 0x6f, 0x6c, 0x6c, 0x65, 0x63, 0x74, 0x69,
	0x6f, 0x6e, 0x52, 0x65, 0x6e, 0x61, 0x6d, 0x61, 0x62, 0x6c, 0x65, 0x52, 0x65, 0x71, 0x75, 0x65,
	0x73, 0x74, 0x1a, 0x38, 0x2e, 0x6d, 0x69, 0x6c, 0x76, 0x75, 0x73, 0x2e, 0x70, 0x72, 0x6f, 0x74,
	0x6f, 0x2e, 0x63, 0x61, 0x74, 0x61, 0x6c, 0x6f, 0x67, 0x2e, 0x43, 0x68, 0x65, 0x63, 0x6b, 0x49,
	0x66, 0x43, 0x6f, 0x6c, 0x6c, 0x65, 0x63, 0x74, 0x69, 0x6f, 0x6e, 0x52, 0x65, 0x6e, 0x61, 0x6d,
	0x61, 0x62, 0x6c, 0x65, 0x52, 0x65, 0x73, 0x70, 0x6f, 0x6e, 0x73, 0x65, 0x12, 0x86, 0x01, 0x0a,
	0x17, 0x42, 0x65, 0x67, 0x69, 0x6e, 0x54, 0x72, 0x75, 0x6e, 0x63, 0x61, 0x74, 0x65, 0x43, 0x6f,
	0x6c, 0x6c, 0x65, 0x63, 0x74, 0x69, 0x6f, 0x6e, 0x12, 0x34, 0x2e, 0x6d, 0x69, 0x6c, 0x76, 0x75,
	0x73, 0x2e, 0x70, 0x72, 0x6f, 0x74, 0x6f, 0x2e, 0x63, 0x61, 0x74, 0x61, 0x6c, 0x6f, 0x67, 0x2e,
	0x42, 0x65, 0x67, 0x69, 0x6e, 0x54, 0x72, 0x75, 0x6e, 0x63, 0x61, 0x74, 0x65, 0x43, 0x6f, 0x6c,
	0x6c, 0x65, 0x63, 0x74, 0x69, 0x6f, 0x6e, 0x52, 0x65, 0x71, 0x75, 0x65, 0x73, 0x74, 0x1a, 0x35,
	0x2e, 0x6d, 0x69, 0x6c, 0x76, 0x75, 0x73, 0x2e, 0x70, 0x72, 0x6f, 0x74, 0x6f, 0x2e, 0x63, 0x61,
	0x74, 0x61, 0x6c, 0x6f, 0x67, 0x2e, 0x42, 0x65, 0x67, 0x69, 0x6e, 0x54, 0x72, 0x75, 0x6e, 0x63,
	0x61, 0x74, 0x65, 0x43, 0x6f, 0x6c, 0x6c, 0x65, 0x63, 0x74, 0x69, 0x6f, 0x6e, 0x52, 0x65, 0x73,
	0x70, 0x6f, 0x6e, 0x73, 0x65, 0x12, 0x6e, 0x0a, 0x0f, 0x47, 0x65, 0x74, 0x47, 0x65, 0x6e, 0x65,
	0x72, 0x61, 0x6c, 0x43, 0x6f, 0x75, 0x6e, 0x74, 0x12, 0x2c, 0x2e, 0x6d, 0x69, 0x6c, 0x76, 0x75,
	0x73, 0x2e, 0x70, 0x72, 0x6f, 0x74, 0x6f, 0x2e, 0x63, 0x61, 0x74, 0x61, 0x6c, 0x6f, 0x67, 0x2e,
	0x47, 0x65, 0x74, 0x47, 0x65, 0x6e, 0x65, 0x72, 0x61, 0x6c, 0x43, 0x6f, 0x75, 0x6e, 0x74, 0x52,
	0x65, 0x71, 0x75, 0x65, 0x73, 0x74, 0x1a, 0x2d, 0x2e, 0x6d, 0x69, 0x6c, 0x76, 0x75, 0x73, 0x2e,
	0x70, 0x72, 0x6f, 0x74, 0x6f, 0x2e, 0x63, 0x61, 0x74, 0x61, 0x6c, 0x6f, 0x67, 0x2e, 0x47, 0x65,
	0x74, 0x47, 0x65, 0x6e, 0x65, 0x72, 0x61, 0x6c, 0x43, 0x6f, 0x75, 0x6e, 0x74, 0x52, 0x65, 0x73,
	0x70, 0x6f, 0x6e, 0x73, 0x65, 0x12, 0x6e, 0x0a, 0x0f, 0x41, 0x6c, 0x74, 0x65, 0x72, 0x43, 0x6f,
	0x6c, 0x6c, 0x65, 0x63, 0x74, 0x69, 0x6f, 0x6e, 0x12, 0x2c, 0x2e, 0x6d, 0x69, 0x6c, 0x76, 0x75,
	0x73, 0x2e, 0x70, 0x72, 0x6f, 0x74, 0x6f, 0x2e, 0x63, 0x61, 0x74, 0x61, 0x6c, 0x6f, 0x67, 0x2e,
	0x41, 0x6c, 0x74, 0x65, 0x72, 0x43, 0x6f, 0x6c, 0x6c, 0x65, 0x63, 0x74, 0x69, 0x6f, 0x6e, 0x52,
	0x65, 0x71, 0x75, 0x65, 0x73, 0x74, 0x1a, 0x2d, 0x2e, 0x6d, 0x69, 0x6c, 0x76, 0x75, 0x73, 0x2e,
	0x70, 0x72, 0x6f, 0x74, 0x6f, 0x2e, 0x63, 0x61, 0x74, 0x61, 0x6c, 0x6f, 0x67, 0x2e, 0x41, 0x6c,
	0x74, 0x65, 0x72, 0x43, 0x6f, 0x6c, 0x6c, 0x65, 0x63, 0x74, 0x69, 0x6f, 0x6e, 0x52, 0x65, 0x73,
	0x70, 0x6f, 0x6e, 0x73, 0x65, 0x12, 0x77, 0x0a, 0x12, 0x54, 0x72, 0x75, 0x6e, 0x63, 0x61, 0x74,
	0x65, 0x43, 0x6f, 0x6c, 0x6c, 0x65, 0x63, 0x74, 0x69, 0x6f, 0x6e, 0x12, 0x2f, 0x2e, 0x6d, 0x69,
	0x6c, 0x76, 0x75, 0x73, 0x2e, 0x70, 0x72, 0x6f, 0x74, 0x6f, 0x2e, 0x63, 0x61, 0x74, 0x61, 0x6c,
	0x6f, 0x67, 0x2e, 0x54, 0x72, 0x75, 0x6e, 0x63, 0x61, 0x74, 0x65, 0x43, 0x6f, 0x6c, 0x6c, 0x65,
	0x63, 0x74, 0x69, 0x6f, 0x6e, 0x52, 0x65, 0x71, 0x75, 0x65, 0x73, 0x74, 0x1a, 0x30, 0x2e, 0x6d,
	0x69, 0x6c, 0x76, 0x75, 0x73, 0x2e, 0x70, 0x72, 0x6f, 0x74, 0x6f, 0x2e, 0x63, 0x61, 0x74, 0x61,
	0x6c, 0x6f, 0x67, 0x2e, 0x54, 0x72, 0x75, 0x6e, 0x63, 0x61, 0x74, 0x65, 0x43, 0x6f, 0x6c, 0x6c,
	0x65, 0x63, 0x74, 0x69, 0x6f, 0x6e, 0x52, 0x65, 0x73, 0x70, 0x6f, 0x6e, 0x73, 0x65, 0x12, 0x65,
	0x0a, 0x0c, 0x41, 0x64, 0x64, 0x50, 0x61, 0x72, 0x74, 0x69, 0x74, 0x69, 0x6f, 0x6e, 0x12, 0x29,
	0x2e, 0x6d, 0x69, 0x6c, 0x76, 0x75, 0x73, 0x2e, 0x70, 0x72, 0x6f, 0x74, 0x6f, 0x2e, 0x63, 0x61,
	0x74, 0x61, 0x6c, 0x6f, 0x67, 0x2e, 0x41, 0x64, 0x64, 0x50, 0x61, 0x72, 0x74, 0x69, 0x74, 0x69,
	0x6f, 0x6e, 0x52, 0x65, 0x71, 0x75, 0x65, 0x73, 0x74, 0x1a, 0x2a, 0x2e, 0x6d, 0x69, 0x6c, 0x76,
	0x75, 0x73, 0x2e, 0x70, 0x72, 0x6f, 0x74, 0x6f, 0x2e, 0x63, 0x61, 0x74, 0x61, 0x6c, 0x6f, 0x67,
	0x2e, 0x41, 0x64, 0x64, 0x50, 0x61, 0x72, 0x74, 0x69, 0x74, 0x69, 0x6f, 0x6e, 0x52, 0x65, 0x73,
	0x70, 0x6f, 0x6e, 0x73, 0x65, 0x12, 0x7d, 0x0a, 0x14, 0x47, 0x65, 0x74, 0x50, 0x61, 0x72, 0x74,
	0x69, 0x74, 0x69, 0x6f, 0x6e, 0x49, 0x44, 0x42, 0x79, 0x4e, 0x61, 0x6d, 0x65, 0x12, 0x31, 0x2e,
	0x6d, 0x69, 0x6c, 0x76, 0x75, 0x73, 0x2e, 0x70, 0x72, 0x6f, 0x74, 0x6f, 0x2e, 0x63, 0x61, 0x74,
	0x61, 0x6c, 0x6f, 0x67, 0x2e, 0x47, 0x65, 0x74, 0x50, 0x61, 0x72, 0x74, 0x69, 0x74, 0x69, 0x6f,
	0x6e, 0x49, 0x44, 0x42, 0x79, 0x4e, 0x61, 0x6d, 0x65, 0x52, 0x65, 0x71, 0x75, 0x65, 0x73, 0x74,
	0x1a, 0x32, 0x2e, 0x6d, 0x69, 0x6c, 0x76, 0x75, 0x73, 0x2e, 0x70, 0x72, 0x6f, 0x74, 0x6f, 0x2e,
	0x63, 0x61, 0x74, 0x61, 0x6c, 0x6f, 0x67, 0x2e, 0x47, 0x65, 0x74, 0x50, 0x61, 0x72, 0x74, 0x69,
	0x74, 0x69, 0x6f, 0x6e, 0x49, 0x44, 0x42, 0x79, 0x4e, 0x61, 0x6d, 0x65, 0x52, 0x65, 0x73, 0x70,
	0x6f, 0x6e, 0x73, 0x65, 0x12, 0x68, 0x0a, 0x0d, 0x44, 0x72, 0x6f, 0x70, 0x50, 0x61, 0x72, 0x74,
	0x69, 0x74, 0x69, 0x6f, 0x6e, 0x12, 0x2a, 0x2e, 0x6d, 0x69, 0x6c, 0x76, 0x75, 0x73, 0x2e, 0x70,
	0x72, 0x6f, 0x74, 0x6f, 0x2e, 0x63, 0x61, 0x74, 0x61, 0x6c, 0x6f, 0x67, 0x2e, 0x44, 0x72, 0x6f,
	0x70, 0x50, 0x61, 0x72, 0x74, 0x69, 0x74, 0x69, 0x6f, 0x6e, 0x52, 0x65, 0x71, 0x75, 0x65, 0x73,
	0x74, 0x1a, 0x2b, 0x2e, 0x6d, 0x69, 0x6c, 0x76, 0x75, 0x73, 0x2e, 0x70, 0x72, 0x6f, 0x74, 0x6f,
	0x2e, 0x63, 0x61, 0x74, 0x61, 0x6c, 0x6f, 0x67, 0x2e, 0x44, 0x72, 0x6f, 0x70, 0x50, 0x61, 0x72,
	0x74, 0x69, 0x74, 0x69, 0x6f, 0x6e, 0x52, 0x65, 0x73, 0x70, 0x6f, 0x6e, 0x73, 0x65, 0x12, 0x6e,
	0x0a, 0x0f, 0x52, 0x65, 0x6d, 0x6f, 0x76, 0x65, 0x50, 0x61, 0x72, 0x74, 0x69, 0x74, 0x69, 0x6f,
	0x6e, 0x12, 0x2c, 0x2e, 0x6d, 0x69, 0x6c, 0x76, 0x75, 0x73, 0x2e, 0x70, 0x72, 0x6f, 0x74, 0x6f,
	0x2e, 0x63, 0x61, 0x74, 0x61, 0x6c, 0x6f, 0x67, 0x2e, 0x52, 0x65, 0x6d, 0x6f, 0x76, 0x65, 0x50,
	0x61, 0x72, 0x74, 0x69, 0x74, 0x69, 0x6f, 0x6e, 0x52, 0x65, 0x71, 0x75, 0x65, 0x73, 0x74, 0x1a,
	0x2d, 0x2e, 0x6d, 0x69, 0x6c, 0x76, 0x75, 0x73, 0x2e, 0x70, 0x72, 0x6f, 0x74, 0x6f, 0x2e, 0x63,
	0x61, 0x74, 0x61, 0x6c, 0x6f, 0x67, 0x2e, 0x52, 0x65, 0x6d, 0x6f, 0x76, 0x65, 0x50, 0x61, 0x72,
	0x74, 0x69, 0x74, 0x69, 0x6f, 0x6e, 0x52, 0x65, 0x73, 0x70, 0x6f, 0x6e, 0x73, 0x65, 0x12, 0x5f,
	0x0a, 0x0a, 0x41, 0x6c, 0x74, 0x65, 0x72, 0x41, 0x6c, 0x69, 0x61, 0x73, 0x12, 0x27, 0x2e, 0x6d,
	0x69, 0x6c, 0x76, 0x75, 0x73, 0x2e, 0x70, 0x72, 0x6f, 0x74, 0x6f, 0x2e, 0x63, 0x61, 0x74, 0x61,
	0x6c, 0x6f, 0x67, 0x2e, 0x41, 0x6c, 0x74, 0x65, 0x72, 0x41, 0x6c, 0x69, 0x61, 0x73, 0x52, 0x65,
	0x71, 0x75, 0x65, 0x73, 0x74, 0x1a, 0x28, 0x2e, 0x6d, 0x69, 0x6c, 0x76, 0x75, 0x73, 0x2e, 0x70,
	0x72, 0x6f, 0x74, 0x6f, 0x2e, 0x63, 0x61, 0x74, 0x61, 0x6c, 0x6f, 0x67, 0x2e, 0x41, 0x6c, 0x74,
	0x65, 0x72, 0x41, 0x6c, 0x69, 0x61, 0x73, 0x52, 0x65, 0x73, 0x70, 0x6f, 0x6e, 0x73, 0x65, 0x12,
	0x5c, 0x0a, 0x09, 0x44, 0x72, 0x6f, 0x70, 0x41, 0x6c, 0x69, 0x61, 0x73, 0x12, 0x26, 0x2e, 0x6d,
	0x69, 0x6c, 0x76, 0x75, 0x73, 0x2e, 0x70, 0x72, 0x6f, 0x74, 0x6f, 0x2e, 0x63, 0x61, 0x74, 0x61,
	0x6c, 0x6f, 0x67, 0x2e, 0x44, 0x72, 0x6f, 0x70, 0x41, 0x6c, 0x69, 0x61, 0x73, 0x52, 0x65, 0x71,
	0x75, 0x65, 0x73, 0x74, 0x1a, 0x27, 0x2e, 0x6d, 0x69, 0x6c, 0x76, 0x75, 0x73, 0x2e, 0x70, 0x72,
	0x6f, 0x74, 0x6f, 0x2e, 0x63, 0x61, 0x74, 0x61, 0x6c, 0x6f, 0x67, 0x2e, 0x44, 0x72, 0x6f, 0x70,
	0x41, 0x6c, 0x69, 0x61, 0x73, 0x52, 0x65, 0x73, 0x70, 0x6f, 0x6e, 0x73, 0x65, 0x12, 0x68, 0x0a,
	0x0d, 0x44, 0x65, 0x73, 0x63, 0x72, 0x69, 0x62, 0x65, 0x41, 0x6c, 0x69, 0x61, 0x73, 0x12, 0x2a,
	0x2e, 0x6d, 0x69, 0x6c, 0x76, 0x75, 0x73, 0x2e, 0x70, 0x72, 0x6f, 0x74, 0x6f, 0x2e, 0x63, 0x61,
	0x74, 0x61, 0x6c, 0x6f, 0x67, 0x2e, 0x44, 0x65, 0x73, 0x63, 0x72, 0x69, 0x62, 0x65, 0x41, 0x6c,
	0x69, 0x61, 0x73, 0x52, 0x65, 0x71, 0x75, 0x65, 0x73, 0x74, 0x1a, 0x2b, 0x2e, 0x6d, 0x69, 0x6c,
	0x76, 0x75, 0x73, 0x2e, 0x70, 0x72, 0x6f, 0x74, 0x6f, 0x2e, 0x63, 0x61, 0x74, 0x61, 0x6c, 0x6f,
	0x67, 0x2e, 0x44, 0x65, 0x73, 0x63, 0x72, 0x69, 0x62, 0x65, 0x41, 0x6c, 0x69, 0x61, 0x73, 0x52,
	0x65, 0x73, 0x70, 0x6f, 0x6e, 0x73, 0x65, 0x12, 0x62, 0x0a, 0x0b, 0x4c, 0x69, 0x73, 0x74, 0x41,
	0x6c, 0x69, 0x61, 0x73, 0x65, 0x73, 0x12, 0x28, 0x2e, 0x6d, 0x69, 0x6c, 0x76, 0x75, 0x73, 0x2e,
	0x70, 0x72, 0x6f, 0x74, 0x6f, 0x2e, 0x63, 0x61, 0x74, 0x61, 0x6c, 0x6f, 0x67, 0x2e, 0x4c, 0x69,
	0x73, 0x74, 0x41, 0x6c, 0x69, 0x61, 0x73, 0x65, 0x73, 0x52, 0x65, 0x71, 0x75, 0x65, 0x73, 0x74,
	0x1a, 0x29, 0x2e, 0x6d, 0x69, 0x6c, 0x76, 0x75, 0x73, 0x2e, 0x70, 0x72, 0x6f, 0x74, 0x6f, 0x2e,
	0x63, 0x61, 0x74, 0x61, 0x6c, 0x6f, 0x67, 0x2e, 0x4c, 0x69, 0x73, 0x74, 0x41, 0x6c, 0x69, 0x61,
	0x73, 0x65, 0x73, 0x52, 0x65, 0x73, 0x70, 0x6f, 0x6e, 0x73, 0x65, 0x12, 0x56, 0x0a, 0x07, 0x49,
	0x73, 0x41, 0x6c, 0x69, 0x61, 0x73, 0x12, 0x24, 0x2e, 0x6d, 0x69, 0x6c, 0x76, 0x75, 0x73, 0x2e,
	0x70, 0x72, 0x6f, 0x74, 0x6f, 0x2e, 0x63, 0x61, 0x74, 0x61, 0x6c, 0x6f, 0x67, 0x2e, 0x49, 0x73,
	0x41, 0x6c, 0x69, 0x61, 0x73, 0x52, 0x65, 0x71, 0x75, 0x65, 0x73, 0x74, 0x1a, 0x25, 0x2e, 0x6d,
	0x69, 0x6c, 0x76, 0x75, 0x73, 0x2e, 0x70, 0x72, 0x6f, 0x74, 0x6f, 0x2e, 0x63, 0x61, 0x74, 0x61,
	0x6c, 0x6f, 0x67, 0x2e, 0x49, 0x73, 0x41, 0x6c, 0x69, 0x61, 0x73, 0x52, 0x65, 0x73, 0x70, 0x6f,
	0x6e, 0x73, 0x65, 0x12, 0x6e, 0x0a, 0x0f, 0x4c, 0x69, 0x73, 0x74, 0x41, 0x6c, 0x69, 0x61, 0x73,
	0x65, 0x73, 0x42, 0x79, 0x49, 0x44, 0x12, 0x2c, 0x2e, 0x6d, 0x69, 0x6c, 0x76, 0x75, 0x73, 0x2e,
	0x70, 0x72, 0x6f, 0x74, 0x6f, 0x2e, 0x63, 0x61, 0x74, 0x61, 0x6c, 0x6f, 0x67, 0x2e, 0x4c, 0x69,
	0x73, 0x74, 0x41, 0x6c, 0x69, 0x61, 0x73, 0x65, 0x73, 0x42, 0x79, 0x49, 0x44, 0x52, 0x65, 0x71,
	0x75, 0x65, 0x73, 0x74, 0x1a, 0x2d, 0x2e, 0x6d, 0x69, 0x6c, 0x76, 0x75, 0x73, 0x2e, 0x70, 0x72,
	0x6f, 0x74, 0x6f, 0x2e, 0x63, 0x61, 0x74, 0x61, 0x6c, 0x6f, 0x67, 0x2e, 0x4c, 0x69, 0x73, 0x74,
	0x41, 0x6c, 0x69, 0x61, 0x73, 0x65, 0x73, 0x42, 0x79, 0x49, 0x44, 0x52, 0x65, 0x73, 0x70, 0x6f,
	0x6e, 0x73, 0x65, 0x12, 0x80, 0x01, 0x0a, 0x15, 0x43, 0x68, 0x65, 0x63, 0x6b, 0x49, 0x66, 0x41,
	0x6c, 0x69, 0x61, 0x73, 0x43, 0x72, 0x65, 0x61, 0x74, 0x61, 0x62, 0x6c, 0x65, 0x12, 0x32, 0x2e,
	0x6d, 0x69, 0x6c, 0x76, 0x75, 0x73, 0x2e, 0x70, 0x72, 0x6f, 0x74, 0x6f, 0x2e, 0x63, 0x61, 0x74,
	0x61, 0x6c, 0x6f, 0x67, 0x2e, 0x43, 0x68, 0x65, 0x63, 0x6b, 0x49, 0x66, 0x41, 0x6c, 0x69, 0x61,
	0x73, 0x43, 0x72, 0x65, 0x61, 0x74, 0x61, 0x62, 0x6c, 0x65, 0x52, 0x65, 0x71, 0x75, 0x65, 0x73,
	0x74, 0x1a, 0x33, 0x2e, 0x6d, 0x69, 0x6c, 0x76, 0x75, 0x73, 0x2e, 0x70, 0x72, 0x6f, 0x74, 0x6f,
	0x2e, 0x63, 0x61, 0x74, 0x61, 0x6c, 0x6f, 0x67, 0x2e, 0x43, 0x68, 0x65, 0x63, 0x6b, 0x49, 0x66,
	0x41, 0x6c, 0x69, 0x61, 0x73, 0x43, 0x72, 0x65, 0x61, 0x74, 0x61, 0x62, 0x6c, 0x65, 0x52, 0x65,
	0x73, 0x70, 0x6f, 0x6e, 0x73, 0x65, 0x12, 0x80, 0x01, 0x0a, 0x15, 0x43, 0x68, 0x65, 0x63, 0x6b,
	0x49, 0x66, 0x41, 0x6c, 0x69, 0x61, 0x73, 0x41, 0x6c, 0x74, 0x65, 0x72, 0x61, 0x62, 0x6c, 0x65,
	0x12, 0x32, 0x2e, 0x6d, 0x69, 0x6c, 0x76, 0x75, 0x73, 0x2e, 0x70, 0x72, 0x6f, 0x74, 0x6f, 0x2e,
	0x63, 0x61, 0x74, 0x61, 0x6c, 0x6f, 0x67, 0x2e, 0x43, 0x68, 0x65, 0x63, 0x6b, 0x49, 0x66, 0x41,
	0x6c, 0x69, 0x61, 0x73, 0x41, 0x6c, 0x74, 0x65, 0x72, 0x61, 0x62, 0x6c, 0x65, 0x52, 0x65, 0x71,
	0x75, 0x65, 0x73, 0x74, 0x1a, 0x33, 0x2e, 0x6d, 0x69, 0x6c, 0x76, 0x75, 0x73, 0x2e, 0x70, 0x72,
	0x6f, 0x74, 0x6f, 0x2e, 0x63, 0x61, 0x74, 0x61, 0x6c, 0x6f, 0x67, 0x2e, 0x43, 0x68, 0x65, 0x63,
	0x6b, 0x49, 0x66, 0x41, 0x6c, 0x69, 0x61, 0x73, 0x41, 0x6c, 0x74, 0x65, 0x72, 0x61, 0x62, 0x6c,
	0x65, 0x52, 0x65, 0x73, 0x70, 0x6f, 0x6e, 0x73, 0x65, 0x12, 0x80, 0x01, 0x0a, 0x15, 0x43, 0x68,
	0x65, 0x63, 0x6b, 0x49, 0x66, 0x41, 0x6c, 0x69, 0x61, 0x73, 0x44, 0x72, 0x6f, 0x70, 0x70, 0x61,
	0x62, 0x6c, 0x65, 0x12, 0x32, 0x2e, 0x6d, 0x69, 0x6c, 0x76, 0x75, 0x73, 0x2e, 0x70, 0x72, 0x6f,
	0x74, 0x6f, 0x2e, 0x63, 0x61, 0x74, 0x61, 0x6c, 0x6f, 0x67, 0x2e, 0x43, 0x68, 0x65, 0x63, 0x6b,
	0x49, 0x66, 0x41, 0x6c, 0x69, 0x61, 0x73, 0x44, 0x72, 0x6f, 0x70, 0x70, 0x61, 0x62, 0x6c, 0x65,
	0x52, 0x65, 0x71, 0x75, 0x65, 0x73, 0x74, 0x1a, 0x33, 0x2e, 0x6d, 0x69, 0x6c, 0x76, 0x75, 0x73,
	0x2e, 0x70, 0x72, 0x6f, 0x74, 0x6f, 0x2e, 0x63, 0x61, 0x74, 0x61, 0x6c, 0x6f, 0x67, 0x2e, 0x43,
	0x68, 0x65, 0x63, 0x6b, 0x49, 0x66, 0x41, 0x6c, 0x69, 0x61, 0x73, 0x44, 0x72, 0x6f, 0x70, 0x70,
	0x61, 0x62, 0x6c, 0x65, 0x52, 0x65, 0x73, 0x70, 0x6f, 0x6e, 0x73, 0x65, 0x12, 0x6b, 0x0a, 0x0e,
	0x49, 0x6e, 0x69, 0x74, 0x43, 0x72, 0x65, 0x64, 0x65, 0x6e, 0x74, 0x69, 0x61, 0x6c, 0x12, 0x2b,
	0x2e, 0x6d, 0x69, 0x6c, 0x76, 0x75, 0x73, 0x2e, 0x70, 0x72, 0x6f, 0x74, 0x6f, 0x2e, 0x63, 0x61,
	0x74, 0x61, 0x6c, 0x6f, 0x67, 0x2e, 0x49, 0x6e, 0x69, 0x74, 0x43, 0x72, 0x65, 0x64, 0x65, 0x6e,
	0x74, 0x69, 0x61, 0x6c, 0x52, 0x65, 0x71, 0x75, 0x65, 0x73, 0x74, 0x1a, 0x2c, 0x2e, 0x6d, 0x69,
	0x6c, 0x76, 0x75, 0x73, 0x2e, 0x70, 0x72, 0x6f, 0x74, 0x6f, 0x2e, 0x63, 0x61, 0x74, 0x61, 0x6c,
	0x6f, 0x67, 0x2e, 0x49, 0x6e, 0x69, 0x74, 0x43, 0x72, 0x65, 0x64, 0x65, 0x6e, 0x74, 0x69, 0x61,
	0x6c, 0x52, 0x65, 0x73, 0x70, 0x6f, 0x6e, 0x73, 0x65, 0x12, 0x6e, 0x0a, 0x0f, 0x41, 0x6c, 0x74,
	0x65, 0x72, 0x43, 0x72, 0x65, 0x64, 0x65, 0x6e, 0x74, 0x69, 0x61, 0x6c, 0x12, 0x2c, 0x2e, 0x6d,
	0x69, 0x6c, 0x76, 0x75, 0x73, 0x2e, 0x70, 0x72, 0x6f, 0x74, 0x6f, 0x2e, 0x63, 0x61, 0x74, 0x61,
	0x6c, 0x6f, 0x67, 0x2e, 0x41, 0x6c, 0x74, 0x65, 0x72, 0x43, 0x72, 0x65, 0x64, 0x65, 0x6e, 0x74,
	0x69, 0x61, 0x6c, 0x52, 0x65, 0x71, 0x75, 0x65, 0x73, 0x74, 0x1a, 0x2d, 0x2e, 0x6d, 0x69, 0x6c,
	0x76, 0x75, 0x73, 0x2e, 0x70, 0x72, 0x6f, 0x74, 0x6f, 0x2e, 0x63, 0x61, 0x74, 0x61, 0x6c, 0x6f,
	0x67, 0x2e, 0x41, 0x6c, 0x74, 0x65, 0x72, 0x43, 0x72, 0x65, 0x64, 0x65, 0x6e, 0x74, 0x69, 0x61,
	0x6c, 0x52, 0x65, 0x73, 0x70, 0x6f, 0x6e, 0x73, 0x65, 0x12, 0x71, 0x0a, 0x10, 0x44, 0x65, 0x6c,
	0x65, 0x74, 0x65, 0x43, 0x72, 0x65, 0x64, 0x65, 0x6e, 0x74, 0x69, 0x61, 0x6c, 0x12, 0x2d, 0x2e,
	0x6d, 0x69, 0x6c, 0x76, 0x75, 0x73, 0x2e, 0x70, 0x72, 0x6f, 0x74, 0x6f, 0x2e, 0x63, 0x61, 0x74,
	0x61, 0x6c, 0x6f, 0x67, 0x2e, 0x44, 0x65, 0x6c, 0x65, 0x74, 0x65, 0x43, 0x72, 0x65, 0x64, 0x65,
	0x6e, 0x74, 0x69, 0x61, 0x6c, 0x52, 0x65, 0x71, 0x75, 0x65, 0x73, 0x74, 0x1a, 0x2e, 0x2e, 0x6d,
	0x69, 0x6c, 0x76, 0x75, 0x73, 0x2e, 0x70, 0x72, 0x6f, 0x74, 0x6f, 0x2e, 0x63, 0x61, 0x74, 0x61,
	0x6c, 0x6f, 0x67, 0x2e, 0x44, 0x65, 0x6c, 0x65, 0x74, 0x65, 0x43, 0x72, 0x65, 0x64, 0x65, 0x6e,
	0x74, 0x69, 0x61, 0x6c, 0x52, 0x65, 0x73, 0x70, 0x6f, 0x6e, 0x73, 0x65, 0x12, 0x68, 0x0a, 0x0d,
	0x47, 0x65, 0x74, 0x43, 0x72, 0x65, 0x64, 0x65, 0x6e, 0x74, 0x69, 0x61, 0x6c, 0x12, 0x2a, 0x2e,
	0x6d, 0x69, 0x6c, 0x76, 0x75, 0x73, 0x2e, 0x70, 0x72, 0x6f, 0x74, 0x6f, 0x2e, 0x63, 0x61, 0x74,
	0x61, 0x6c, 0x6f, 0x67, 0x2e, 0x47, 0x65, 0x74, 0x43, 0x72, 0x65, 0x64, 0x65, 0x6e, 0x74, 0x69,
	0x61, 0x6c, 0x52, 0x65, 0x71, 0x75, 0x65, 0x73, 0x74, 0x1a, 0x2b, 0x2e, 0x6d, 0x69, 0x6c, 0x76,
	0x75, 0x73, 0x2e, 0x70, 0x72, 0x6f, 0x74, 0x6f, 0x2e, 0x63, 0x61, 0x74, 0x61, 0x6c, 0x6f, 0x67,
	0x2e, 0x47, 0x65, 0x74, 0x43, 0x72, 0x65, 0x64, 0x65, 0x6e, 0x74, 0x69, 0x61, 0x6c, 0x52, 0x65,
	0x73, 0x70, 0x6f, 0x6e, 0x73, 0x65, 0x12, 0x86, 0x01, 0x0a, 0x17, 0x4c, 0x69, 0x73, 0x74, 0x43,
	0x72, 0x65, 0x64, 0x65, 0x6e, 0x74, 0x69, 0x61, 0x6c, 0x55, 0x73, 0x65, 0x72, 0x6e, 0x61, 0x6d,
	0x65, 0x73, 0x12, 0x34, 0x2e, 0x6d, 0x69, 0x6c, 0x76, 0x75, 0x73, 0x2e, 0x70, 0x72, 0x6f, 0x74,
	0x6f, 0x2e, 0x63, 0x61, 0x74, 0x61, 0x6c, 0x6f, 0x67, 0x2e, 0x4c, 0x69, 0x73, 0x74, 0x43, 0x72,
	0x65, 0x64, 0x65, 0x6e, 0x74, 0x69, 0x61, 0x6c, 0x55, 0x73, 0x65, 0x72, 0x6e, 0x61, 0x6d, 0x65,
	0x73, 0x52, 0x65, 0x71, 0x75, 0x65, 0x73, 0x74, 0x1a, 0x35, 0x2e, 0x6d, 0x69, 0x6c, 0x76, 0x75,
	0x73, 0x2e, 0x70, 0x72, 0x6f, 0x74, 0x6f, 0x2e, 0x63, 0x61, 0x74, 0x61, 0x6c, 0x6f, 0x67, 0x2e,
	0x4c, 0x69, 0x73, 0x74, 0x43, 0x72, 0x65, 0x64, 0x65, 0x6e, 0x74, 0x69, 0x61, 0x6c, 0x55, 0x73,
	0x65, 0x72, 0x6e, 0x61, 0x6d, 0x65, 0x73, 0x52, 0x65, 0x73, 0x70, 0x6f, 0x6e, 0x73, 0x65, 0x12,
	0x7d, 0x0a, 0x14, 0x43, 0x68, 0x65, 0x63, 0x6b, 0x49, 0x66, 0x41, 0x64, 0x64, 0x43, 0x72, 0x65,
	0x64, 0x65, 0x6e, 0x74, 0x69, 0x61, 0x6c, 0x12, 0x31, 0x2e, 0x6d, 0x69, 0x6c, 0x76, 0x75, 0x73,
	0x2e, 0x70, 0x72, 0x6f, 0x74, 0x6f, 0x2e, 0x63, 0x61, 0x74, 0x61, 0x6c, 0x6f, 0x67, 0x2e, 0x43,
	0x68, 0x65, 0x63, 0x6b, 0x49, 0x66, 0x41, 0x64, 0x64, 0x43, 0x72, 0x65, 0x64, 0x65, 0x6e, 0x74,
	0x69, 0x61, 0x6c, 0x52, 0x65, 0x71, 0x75, 0x65, 0x73, 0x74, 0x1a, 0x32, 0x2e, 0x6d, 0x69, 0x6c,
	0x76, 0x75, 0x73, 0x2e, 0x70, 0x72, 0x6f, 0x74, 0x6f, 0x2e, 0x63, 0x61, 0x74, 0x61, 0x6c, 0x6f,
	0x67, 0x2e, 0x43, 0x68, 0x65, 0x63, 0x6b, 0x49, 0x66, 0x41, 0x64, 0x64, 0x43, 0x72, 0x65, 0x64,
	0x65, 0x6e, 0x74, 0x69, 0x61, 0x6c, 0x52, 0x65, 0x73, 0x70, 0x6f, 0x6e, 0x73, 0x65, 0x12, 0x86,
	0x01, 0x0a, 0x17, 0x43, 0x68, 0x65, 0x63, 0x6b, 0x49, 0x66, 0x55, 0x70, 0x64, 0x61, 0x74, 0x65,
	0x43, 0x72, 0x65, 0x64, 0x65, 0x6e, 0x74, 0x69, 0x61, 0x6c, 0x12, 0x34, 0x2e, 0x6d, 0x69, 0x6c,
	0x76, 0x75, 0x73, 0x2e, 0x70, 0x72, 0x6f, 0x74, 0x6f, 0x2e, 0x63, 0x61, 0x74, 0x61, 0x6c, 0x6f,
	0x67, 0x2e, 0x43, 0x68, 0x65, 0x63, 0x6b, 0x49, 0x66, 0x55, 0x70, 0x64, 0x61, 0x74, 0x65, 0x43,
	0x72, 0x65, 0x64, 0x65, 0x6e, 0x74, 0x69, 0x61, 0x6c, 0x52, 0x65, 0x71, 0x75, 0x65, 0x73, 0x74,
	0x1a, 0x35, 0x2e, 0x6d, 0x69, 0x6c, 0x76, 0x75, 0x73, 0x2e, 0x70, 0x72, 0x6f, 0x74, 0x6f, 0x2e,
	0x63, 0x61, 0x74, 0x61, 0x6c, 0x6f, 0x67, 0x2e, 0x43, 0x68, 0x65, 0x63, 0x6b, 0x49, 0x66, 0x55,
	0x70, 0x64, 0x61, 0x74, 0x65, 0x43, 0x72, 0x65, 0x64, 0x65, 0x6e, 0x74, 0x69, 0x61, 0x6c, 0x52,
	0x65, 0x73, 0x70, 0x6f, 0x6e, 0x73, 0x65, 0x12, 0x86, 0x01, 0x0a, 0x17, 0x43, 0x68, 0x65, 0x63,
	0x6b, 0x49, 0x66, 0x44, 0x65, 0x6c, 0x65, 0x74, 0x65, 0x43, 0x72, 0x65, 0x64, 0x65, 0x6e, 0x74,
	0x69, 0x61, 0x6c, 0x12, 0x34, 0x2e, 0x6d, 0x69, 0x6c, 0x76, 0x75, 0x73, 0x2e, 0x70, 0x72, 0x6f,
	0x74, 0x6f, 0x2e, 0x63, 0x61, 0x74, 0x61, 0x6c, 0x6f, 0x67, 0x2e, 0x43, 0x68, 0x65, 0x63, 0x6b,
	0x49, 0x66, 0x44, 0x65, 0x6c, 0x65, 0x74, 0x65, 0x43, 0x72, 0x65, 0x64, 0x65, 0x6e, 0x74, 0x69,
	0x61, 0x6c, 0x52, 0x65, 0x71, 0x75, 0x65, 0x73, 0x74, 0x1a, 0x35, 0x2e, 0x6d, 0x69, 0x6c, 0x76,
	0x75, 0x73, 0x2e, 0x70, 0x72, 0x6f, 0x74, 0x6f, 0x2e, 0x63, 0x61, 0x74, 0x61, 0x6c, 0x6f, 0x67,
	0x2e, 0x43, 0x68, 0x65, 0x63, 0x6b, 0x49, 0x66, 0x44, 0x65, 0x6c, 0x65, 0x74, 0x65, 0x43, 0x72,
	0x65, 0x64, 0x65, 0x6e, 0x74, 0x69, 0x61, 0x6c, 0x52, 0x65, 0x73, 0x70, 0x6f, 0x6e, 0x73, 0x65,
	0x12, 0x5f, 0x0a, 0x0a, 0x43, 0x72, 0x65, 0x61, 0x74, 0x65, 0x52, 0x6f, 0x6c, 0x65, 0x12, 0x27,
	0x2e, 0x6d, 0x69, 0x6c, 0x76, 0x75, 0x73, 0x2e, 0x70, 0x72, 0x6f, 0x74, 0x6f, 0x2e, 0x63, 0x61,
	0x74, 0x61, 0x6c, 0x6f, 0x67, 0x2e, 0x43, 0x72, 0x65, 0x61, 0x74, 0x65, 0x52, 0x6f, 0x6c, 0x65,
	0x52, 0x65, 0x71, 0x75, 0x65, 0x73, 0x74, 0x1a, 0x28, 0x2e, 0x6d, 0x69, 0x6c, 0x76, 0x75, 0x73,
	0x2e, 0x70, 0x72, 0x6f, 0x74, 0x6f, 0x2e, 0x63, 0x61, 0x74, 0x61, 0x6c, 0x6f, 0x67, 0x2e, 0x43,
	0x72, 0x65, 0x61, 0x74, 0x65, 0x52, 0x6f, 0x6c, 0x65, 0x52, 0x65, 0x73, 0x70, 0x6f, 0x6e, 0x73,
	0x65, 0x12, 0x5c, 0x0a, 0x09, 0x41, 0x6c, 0x74, 0x65, 0x72, 0x52, 0x6f, 0x6c, 0x65, 0x12, 0x26,
	0x2e, 0x6d, 0x69, 0x6c, 0x76, 0x75, 0x73, 0x2e, 0x70, 0x72, 0x6f, 0x74, 0x6f, 0x2e, 0x63, 0x61,
	0x74, 0x61, 0x6c, 0x6f, 0x67, 0x2e, 0x41, 0x6c, 0x74, 0x65, 0x72, 0x52, 0x6f, 0x6c, 0x65, 0x52,
	0x65, 0x71, 0x75, 0x65, 0x73, 0x74, 0x1a, 0x27, 0x2e, 0x6d, 0x69, 0x6c, 0x76, 0x75, 0x73, 0x2e,
	0x70, 0x72, 0x6f, 0x74, 0x6f, 0x2e, 0x63, 0x61, 0x74, 0x61, 0x6c, 0x6f, 0x67, 0x2e, 0x41, 0x6c,
	0x74, 0x65, 0x72, 0x52, 0x6f, 0x6c, 0x65, 0x52, 0x65, 0x73, 0x70, 0x6f, 0x6e, 0x73, 0x65, 0x12,
	0x59, 0x0a, 0x08, 0x44, 0x72, 0x6f, 0x70, 0x52, 0x6f, 0x6c, 0x65, 0x12, 0x25, 0x2e, 0x6d, 0x69,
	0x6c, 0x76, 0x75, 0x73, 0x2e, 0x70, 0x72, 0x6f, 0x74, 0x6f, 0x2e, 0x63, 0x61, 0x74, 0x61, 0x6c,
	0x6f, 0x67, 0x2e, 0x44, 0x72, 0x6f, 0x70, 0x52, 0x6f, 0x6c, 0x65, 0x52, 0x65, 0x71, 0x75, 0x65,
	0x73, 0x74, 0x1a, 0x26, 0x2e, 0x6d, 0x69, 0x6c, 0x76, 0x75, 0x73, 0x2e, 0x70, 0x72, 0x6f, 0x74,
	0x6f, 0x2e, 0x63, 0x61, 0x74, 0x61, 0x6c, 0x6f, 0x67, 0x2e, 0x44, 0x72, 0x6f, 0x70, 0x52, 0x6f,
	0x6c, 0x65, 0x52, 0x65, 0x73, 0x70, 0x6f, 0x6e, 0x73, 0x65, 0x12, 0x6e, 0x0a, 0x0f, 0x4f, 0x70,
	0x65, 0x72, 0x61, 0x74, 0x65, 0x55, 0x73, 0x65, 0x72, 0x52, 0x6f, 0x6c, 0x65, 0x12, 0x2c, 0x2e,
	0x6d, 0x69, 0x6c, 0x76, 0x75, 0x73, 0x2e, 0x70, 0x72, 0x6f, 0x74, 0x6f, 0x2e, 0x63, 0x61, 0x74,
	0x61, 0x6c, 0x6f, 0x67, 0x2e, 0x4f, 0x70, 0x65, 0x72, 0x61, 0x74, 0x65, 0x55, 0x73, 0x65, 0x72,
	0x52, 0x6f, 0x6c, 0x65, 0x52, 0x65, 0x71, 0x75, 0x65, 0x73, 0x74, 0x1a, 0x2d, 0x2e, 0x6d, 0x69,
	0x6c, 0x76, 0x75, 0x73, 0x2e, 0x70, 0x72, 0x6f, 0x74, 0x6f, 0x2e, 0x63, 0x61, 0x74, 0x61, 0x6c,
	0x6f, 0x67, 0x2e, 0x4f, 0x70, 0x65, 0x72, 0x61, 0x74, 0x65, 0x55, 0x73, 0x65, 0x72, 0x52, 0x6f,
	0x6c, 0x65, 0x52, 0x65, 0x73, 0x70, 0x6f, 0x6e, 0x73, 0x65, 0x12, 0x5f, 0x0a, 0x0a, 0x53, 0x65,
	0x6c, 0x65, 0x63, 0x74, 0x52, 0x6f, 0x6c, 0x65, 0x12, 0x27, 0x2e, 0x6d, 0x69, 0x6c, 0x76, 0x75,
	0x73, 0x2e, 0x70, 0x72, 0x6f, 0x74, 0x6f, 0x2e, 0x63, 0x61, 0x74, 0x61, 0x6c, 0x6f, 0x67, 0x2e,
	0x53, 0x65, 0x6c, 0x65, 0x63, 0x74, 0x52, 0x6f, 0x6c, 0x65, 0x52, 0x65, 0x71, 0x75, 0x65, 0x73,
	0x74, 0x1a, 0x28, 0x2e, 0x6d, 0x69, 0x6c, 0x76, 0x75, 0x73, 0x2e, 0x70, 0x72, 0x6f, 0x74, 0x6f,
	0x2e, 0x63, 0x61, 0x74, 0x61, 0x6c, 0x6f, 0x67, 0x2e, 0x53, 0x65, 0x6c, 0x65, 0x63, 0x74, 0x52,
	0x6f, 0x6c, 0x65, 0x52, 0x65, 0x73, 0x70, 0x6f, 0x6e, 0x73, 0x65, 0x12, 0x5f, 0x0a, 0x0a, 0x53,
	0x65, 0x6c, 0x65, 0x63, 0x74, 0x55, 0x73, 0x65, 0x72, 0x12, 0x27, 0x2e, 0x6d, 0x69, 0x6c, 0x76,
	0x75, 0x73, 0x2e, 0x70, 0x72, 0x6f, 0x74, 0x6f, 0x2e, 0x63, 0x61, 0x74, 0x61, 0x6c, 0x6f, 0x67,
	0x2e, 0x53, 0x65, 0x6c, 0x65, 0x63, 0x74, 0x55, 0x73, 0x65, 0x72, 0x52, 0x65, 0x71, 0x75, 0x65,
	0x73, 0x74, 0x1a, 0x28, 0x2e, 0x6d, 0x69, 0x6c, 0x76, 0x75, 0x73, 0x2e, 0x70, 0x72, 0x6f, 0x74,
	0x6f, 0x2e, 0x63, 0x61, 0x74, 0x61, 0x6c, 0x6f, 0x67, 0x2e, 0x53, 0x65, 0x6c, 0x65, 0x63, 0x74,
	0x55, 0x73, 0x65, 0x72, 0x52, 0x65, 0x73, 0x70, 0x6f, 0x6e, 0x73, 0x65, 0x12, 0x65, 0x0a, 0x0c,
	0x4c, 0x69, 0x73, 0x74, 0x55, 0x73, 0x65, 0x72, 0x52, 0x6f, 0x6c, 0x65, 0x12, 0x29, 0x2e, 0x6d,
	0x69, 0x6c, 0x76, 0x75, 0x73, 0x2e, 0x70, 0x72, 0x6f, 0x74, 0x6f, 0x2e, 0x63, 0x61, 0x74, 0x61,
	0x6c, 0x6f, 0x67, 0x2e, 0x4c, 0x69, 0x73, 0x74, 0x55, 0x73, 0x65, 0x72, 0x52, 0x6f, 0x6c, 0x65,
	0x52, 0x65, 0x71, 0x75, 0x65, 0x73, 0x74, 0x1a, 0x2a, 0x2e, 0x6d, 0x69, 0x6c, 0x76, 0x75, 0x73,
	0x2e, 0x70, 0x72, 0x6f, 0x74, 0x6f, 0x2e, 0x63, 0x61, 0x74, 0x61, 0x6c, 0x6f, 0x67, 0x2e, 0x4c,
	0x69, 0x73, 0x74, 0x55, 0x73, 0x65, 0x72, 0x52, 0x6f, 0x6c, 0x65, 0x52, 0x65, 0x73, 0x70, 0x6f,
	0x6e, 0x73, 0x65, 0x12, 0x74, 0x0a, 0x11, 0x43, 0x68, 0x65, 0x63, 0x6b, 0x49, 0x66, 0x43, 0x72,
	0x65, 0x61, 0x74, 0x65, 0x52, 0x6f, 0x6c, 0x65, 0x12, 0x2e, 0x2e, 0x6d, 0x69, 0x6c, 0x76, 0x75,
	0x73, 0x2e, 0x70, 0x72, 0x6f, 0x74, 0x6f, 0x2e, 0x63, 0x61, 0x74, 0x61, 0x6c, 0x6f, 0x67, 0x2e,
	0x43, 0x68, 0x65, 0x63, 0x6b, 0x49, 0x66, 0x43, 0x72, 0x65, 0x61, 0x74, 0x65, 0x52, 0x6f, 0x6c,
	0x65, 0x52, 0x65, 0x71, 0x75, 0x65, 0x73, 0x74, 0x1a, 0x2f, 0x2e, 0x6d, 0x69, 0x6c, 0x76, 0x75,
	0x73, 0x2e, 0x70, 0x72, 0x6f, 0x74, 0x6f, 0x2e, 0x63, 0x61, 0x74, 0x61, 0x6c, 0x6f, 0x67, 0x2e,
	0x43, 0x68, 0x65, 0x63, 0x6b, 0x49, 0x66, 0x43, 0x72, 0x65, 0x61, 0x74, 0x65, 0x52, 0x6f, 0x6c,
	0x65, 0x52, 0x65, 0x73, 0x70, 0x6f, 0x6e, 0x73, 0x65, 0x12, 0x71, 0x0a, 0x10, 0x43, 0x68, 0x65,
	0x63, 0x6b, 0x49, 0x66, 0x41, 0x6c, 0x74, 0x65, 0x72, 0x52, 0x6f, 0x6c, 0x65, 0x12, 0x2d, 0x2e,
	0x6d, 0x69, 0x6c, 0x76, 0x75, 0x73, 0x2e, 0x70, 0x72, 0x6f, 0x74, 0x6f, 0x2e, 0x63, 0x61, 0x74,
	0x61, 0x6c, 0x6f, 0x67, 0x2e, 0x43, 0x68, 0x65, 0x63, 0x6b, 0x49, 0x66, 0x41, 0x6c, 0x74, 0x65,
	0x72, 0x52, 0x6f, 0x6c, 0x65, 0x52, 0x65, 0x71, 0x75, 0x65, 0x73, 0x74, 0x1a, 0x2e, 0x2e, 0x6d,
	0x69, 0x6c, 0x76, 0x75, 0x73, 0x2e, 0x70, 0x72, 0x6f, 0x74, 0x6f, 0x2e, 0x63, 0x61, 0x74, 0x61,
	0x6c, 0x6f, 0x67, 0x2e, 0x43, 0x68, 0x65, 0x63, 0x6b, 0x49, 0x66, 0x41, 0x6c, 0x74, 0x65, 0x72,
	0x52, 0x6f, 0x6c, 0x65, 0x52, 0x65, 0x73, 0x70, 0x6f, 0x6e, 0x73, 0x65, 0x12, 0x6e, 0x0a, 0x0f,
	0x43, 0x68, 0x65, 0x63, 0x6b, 0x49, 0x66, 0x44, 0x72, 0x6f, 0x70, 0x52, 0x6f, 0x6c, 0x65, 0x12,
	0x2c, 0x2e, 0x6d, 0x69, 0x6c, 0x76, 0x75, 0x73, 0x2e, 0x70, 0x72, 0x6f, 0x74, 0x6f, 0x2e, 0x63,
	0x61, 0x74, 0x61, 0x6c, 0x6f, 0x67, 0x2e, 0x43, 0x68, 0x65, 0x63, 0x6b, 0x49, 0x66, 0x44, 0x72,
	0x6f, 0x70, 0x52, 0x6f, 0x6c, 0x65, 0x52, 0x65, 0x71, 0x75, 0x65, 0x73, 0x74, 0x1a, 0x2d, 0x2e,
	0x6d, 0x69, 0x6c, 0x76, 0x75, 0x73, 0x2e, 0x70, 0x72, 0x6f, 0x74, 0x6f, 0x2e, 0x63, 0x61, 0x74,
	0x61, 0x6c, 0x6f, 0x67, 0x2e, 0x43, 0x68, 0x65, 0x63, 0x6b, 0x49, 0x66, 0x44, 0x72, 0x6f, 0x70,
	0x52, 0x6f, 0x6c, 0x65, 0x52, 0x65, 0x73, 0x70, 0x6f, 0x6e, 0x73, 0x65, 0x12, 0x83, 0x01, 0x0a,
	0x16, 0x43, 0x68, 0x65, 0x63, 0x6b, 0x49, 0x66, 0x4f, 0x70, 0x65, 0x72, 0x61, 0x74, 0x65, 0x55,
	0x73, 0x65, 0x72, 0x52, 0x6f, 0x6c, 0x65, 0x12, 0x33, 0x2e, 0x6d, 0x69, 0x6c, 0x76, 0x75, 0x73,
	0x2e, 0x70, 0x72, 0x6f, 0x74, 0x6f, 0x2e, 0x63, 0x61, 0x74, 0x61, 0x6c, 0x6f, 0x67, 0x2e, 0x43,
	0x68, 0x65, 0x63, 0x6b, 0x49, 0x66, 0x4f, 0x70, 0x65, 0x72, 0x61, 0x74, 0x65, 0x55, 0x73, 0x65,
	0x72, 0x52, 0x6f, 0x6c, 0x65, 0x52, 0x65, 0x71, 0x75, 0x65, 0x73, 0x74, 0x1a, 0x34, 0x2e, 0x6d,
	0x69, 0x6c, 0x76, 0x75, 0x73, 0x2e, 0x70, 0x72, 0x6f, 0x74, 0x6f, 0x2e, 0x63, 0x61, 0x74, 0x61,
	0x6c, 0x6f, 0x67, 0x2e, 0x43, 0x68, 0x65, 0x63, 0x6b, 0x49, 0x66, 0x4f, 0x70, 0x65, 0x72, 0x61,
	0x74, 0x65, 0x55, 0x73, 0x65, 0x72, 0x52, 0x6f, 0x6c, 0x65, 0x52, 0x65, 0x73, 0x70, 0x6f, 0x6e,
	0x73, 0x65, 0x12, 0x71, 0x0a, 0x10, 0x4f, 0x70, 0x65, 0x72, 0x61, 0x74, 0x65, 0x50, 0x72, 0x69,
	0x76, 0x69, 0x6c, 0x65, 0x67, 0x65, 0x12, 0x2d, 0x2e, 0x6d, 0x69, 0x6c, 0x76, 0x75, 0x73, 0x2e,
	0x70, 0x72, 0x6f, 0x74, 0x6f, 0x2e, 0x63, 0x61, 0x74, 0x61, 0x6c, 0x6f, 0x67, 0x2e, 0x4f, 0x70,
	0x65, 0x72, 0x61, 0x74, 0x65, 0x50, 0x72, 0x69, 0x76, 0x69, 0x6c, 0x65, 0x67, 0x65, 0x52, 0x65,
	0x71, 0x75, 0x65, 0x73, 0x74, 0x1a, 0x2e, 0x2e, 0x6d, 0x69, 0x6c, 0x76, 0x75, 0x73, 0x2e, 0x70,
	0x72, 0x6f, 0x74, 0x6f, 0x2e, 0x63, 0x61, 0x74, 0x61, 0x6c, 0x6f, 0x67, 0x2e, 0x4f, 0x70, 0x65,
	0x72, 0x61, 0x74, 0x65, 0x50, 0x72, 0x69, 0x76, 0x69, 0x6c, 0x65, 0x67, 0x65, 0x52, 0x65, 0x73,
	0x70, 0x6f, 0x6e, 0x73, 0x65, 0x12, 0x5c, 0x0a, 0x09, 0x44, 0x72, 0x6f, 0x70, 0x47, 0x72, 0x61,
	0x6e, 0x74, 0x12, 0x26, 0x2e, 0x6d, 0x69, 0x6c, 0x76, 0x75, 0x73, 0x2e, 0x70, 0x72, 0x6f, 0x74,
	0x6f, 0x2e, 0x63, 0x61, 0x74, 0x61, 0x6c, 0x6f, 0x67, 0x2e, 0x44, 0x72, 0x6f, 0x70, 0x47, 0x72,
	0x61, 0x6e, 0x74, 0x52, 0x65, 0x71, 0x75, 0x65, 0x73, 0x74, 0x1a, 0x27, 0x2e, 0x6d, 0x69, 0x6c,
	0x76, 0x75, 0x73, 0x2e, 0x70, 0x72, 0x6f, 0x74, 0x6f, 0x2e, 0x63, 0x61, 0x74, 0x61, 0x6c, 0x6f,
	0x67, 0x2e, 0x44, 0x72, 0x6f, 0x70, 0x47, 0x72, 0x61, 0x6e, 0x74, 0x52, 0x65, 0x73, 0x70, 0x6f,
	0x6e, 0x73, 0x65, 0x12, 0x62, 0x0a, 0x0b, 0x52, 0x65, 0x73, 0x74, 0x6f, 0x72, 0x65, 0x52, 0x42,
	0x41, 0x43, 0x12, 0x28, 0x2e, 0x6d, 0x69, 0x6c, 0x76, 0x75, 0x73, 0x2e, 0x70, 0x72, 0x6f, 0x74,
	0x6f, 0x2e, 0x63, 0x61, 0x74, 0x61, 0x6c, 0x6f, 0x67, 0x2e, 0x52, 0x65, 0x73, 0x74, 0x6f, 0x72,
	0x65, 0x52, 0x42, 0x41, 0x43, 0x52, 0x65, 0x71, 0x75, 0x65, 0x73, 0x74, 0x1a, 0x29, 0x2e, 0x6d,
	0x69, 0x6c, 0x76, 0x75, 0x73, 0x2e, 0x70, 0x72, 0x6f, 0x74, 0x6f, 0x2e, 0x63, 0x61, 0x74, 0x61,
	0x6c, 0x6f, 0x67, 0x2e, 0x52, 0x65, 0x73, 0x74, 0x6f, 0x72, 0x65, 0x52, 0x42, 0x41, 0x43, 0x52,
	0x65, 0x73, 0x70, 0x6f, 0x6e, 0x73, 0x65, 0x12, 0x62, 0x0a, 0x0b, 0x53, 0x65, 0x6c, 0x65, 0x63,
	0x74, 0x47, 0x72, 0x61, 0x6e, 0x74, 0x12, 0x28, 0x2e, 0x6d, 0x69, 0x6c, 0x76, 0x75, 0x73, 0x2e,
	0x70, 0x72, 0x6f, 0x74, 0x6f, 0x2e, 0x63, 0x61, 0x74, 0x61, 0x6c, 0x6f, 0x67, 0x2e, 0x53, 0x65,
	0x6c, 0x65, 0x63, 0x74, 0x47, 0x72, 0x61, 0x6e, 0x74, 0x52, 0x65, 0x71, 0x75, 0x65, 0x73, 0x74,
	0x1a, 0x29, 0x2e, 0x6d, 0x69, 0x6c, 0x76, 0x75, 0x73, 0x2e, 0x70, 0x72, 0x6f, 0x74, 0x6f, 0x2e,
	0x63, 0x61, 0x74, 0x61, 0x6c, 0x6f, 0x67, 0x2e, 0x53, 0x65, 0x6c, 0x65, 0x63, 0x74, 0x47, 0x72,
	0x61, 0x6e, 0x74, 0x52, 0x65, 0x73, 0x70, 0x6f, 0x6e, 0x73, 0x65, 0x12, 0x5f, 0x0a, 0x0a, 0x4c,
	0x69, 0x73, 0x74, 0x50, 0x6f, 0x6c, 0x69, 0x63, 0x79, 0x12, 0x27, 0x2e, 0x6d, 0x69, 0x6c, 0x76,
	0x75, 0x73, 0x2e, 0x70, 0x72, 0x6f, 0x74, 0x6f, 0x2e, 0x63, 0x61, 0x74, 0x61, 0x6c, 0x6f, 0x67,
	0x2e, 0x4c, 0x69, 0x73, 0x74, 0x50, 0x6f, 0x6c, 0x69, 0x63, 0x79, 0x52, 0x65, 0x71, 0x75, 0x65,
	0x73, 0x74, 0x1a, 0x28, 0x2e, 0x6d, 0x69, 0x6c, 0x76, 0x75, 0x73, 0x2e, 0x70, 0x72, 0x6f, 0x74,
	0x6f, 0x2e, 0x63, 0x61, 0x74, 0x61, 0x6c, 0x6f, 0x67, 0x2e, 0x4c, 0x69, 0x73, 0x74, 0x50, 0x6f,
	0x6c, 0x69, 0x63, 0x79, 0x52, 0x65, 0x73, 0x70, 0x6f, 0x6e, 0x73, 0x65, 0x12, 0x5f, 0x0a, 0x0a,
	0x42, 0x61, 0x63, 0x6b, 0x75, 0x70, 0x52, 0x42, 0x41, 0x43, 0x12, 0x27, 0x2e, 0x6d, 0x69, 0x6c,
	0x76, 0x75, 0x73, 0x2e, 0x70, 0x72, 0x6f, 0x74, 0x6f, 0x2e, 0x63, 0x61, 0x74, 0x61, 0x6c, 0x6f,
	0x67, 0x2e, 0x42, 0x61, 0x63, 0x6b, 0x75, 0x70, 0x52, 0x42, 0x41, 0x43, 0x52, 0x65, 0x71, 0x75,
	0x65, 0x73, 0x74, 0x1a, 0x28, 0x2e, 0x6d, 0x69, 0x6c, 0x76, 0x75, 0x73, 0x2e, 0x70, 0x72, 0x6f,
	0x74, 0x6f, 0x2e, 0x63, 0x61, 0x74, 0x61, 0x6c, 0x6f, 0x67, 0x2e, 0x42, 0x61, 0x63, 0x6b, 0x75,
	0x70, 0x52, 0x42, 0x41, 0x43, 0x52, 0x65, 0x73, 0x70, 0x6f, 0x6e, 0x73, 0x65, 0x12, 0x80, 0x01,
	0x0a, 0x15, 0x43, 0x68, 0x65, 0x63, 0x6b, 0x49, 0x66, 0x52, 0x42, 0x41, 0x43, 0x52, 0x65, 0x73,
	0x74, 0x6f, 0x72, 0x61, 0x62, 0x6c, 0x65, 0x12, 0x32, 0x2e, 0x6d, 0x69, 0x6c, 0x76, 0x75, 0x73,
	0x2e, 0x70, 0x72, 0x6f, 0x74, 0x6f, 0x2e, 0x63, 0x61, 0x74, 0x61, 0x6c, 0x6f, 0x67, 0x2e, 0x43,
	0x68, 0x65, 0x63, 0x6b, 0x49, 0x66, 0x52, 0x42, 0x41, 0x43, 0x52, 0x65, 0x73, 0x74, 0x6f, 0x72,
	0x61, 0x62, 0x6c, 0x65, 0x52, 0x65, 0x71, 0x75, 0x65, 0x73, 0x74, 0x1a, 0x33, 0x2e, 0x6d, 0x69,
	0x6c, 0x76, 0x75, 0x73, 0x2e, 0x70, 0x72, 0x6f, 0x74, 0x6f, 0x2e, 0x63, 0x61, 0x74, 0x61, 0x6c,
	0x6f, 0x67, 0x2e, 0x43, 0x68, 0x65, 0x63, 0x6b, 0x49, 0x66, 0x52, 0x42, 0x41, 0x43, 0x52, 0x65,
	0x73, 0x74, 0x6f, 0x72, 0x61, 0x62, 0x6c, 0x65, 0x52, 0x65, 0x73, 0x70, 0x6f, 0x6e, 0x73, 0x65,
	0x12, 0x7d, 0x0a, 0x14, 0x43, 0x72, 0x65, 0x61, 0x74, 0x65, 0x50, 0x72, 0x69, 0x76, 0x69, 0x6c,
	0x65, 0x67, 0x65, 0x47, 0x72, 0x6f, 0x75, 0x70, 0x12, 0x31, 0x2e, 0x6d, 0x69, 0x6c, 0x76, 0x75,
	0x73, 0x2e, 0x70, 0x72, 0x6f, 0x74, 0x6f, 0x2e, 0x63, 0x61, 0x74, 0x61, 0x6c, 0x6f, 0x67, 0x2e,
	0x43, 0x72, 0x65, 0x61, 0x74, 0x65, 0x50, 0x72, 0x69, 0x76, 0x69, 0x6c, 0x65, 0x67, 0x65, 0x47,
	0x72, 0x6f, 0x75, 0x70, 0x52, 0x65, 0x71, 0x75, 0x65, 0x73, 0x74, 0x1a, 0x32, 0x2e, 0x6d, 0x69,
	0x6c, 0x76, 0x75, 0x73, 0x2e, 0x70, 0x72, 0x6f, 0x74, 0x6f, 0x2e, 0x63, 0x61, 0x74, 0x61, 0x6c,
	0x6f, 0x67, 0x2e, 0x43, 0x72, 0x65, 0x61, 0x74, 0x65, 0x50, 0x72, 0x69, 0x76, 0x69, 0x6c, 0x65,
	0x67, 0x65, 0x47, 0x72, 0x6f, 0x75, 0x70, 0x52, 0x65, 0x73, 0x70, 0x6f, 0x6e, 0x73, 0x65, 0x12,
	0x77, 0x0a, 0x12, 0x44, 0x72, 0x6f, 0x70, 0x50, 0x72, 0x69, 0x76, 0x69, 0x6c, 0x65, 0x67, 0x65,
	0x47, 0x72, 0x6f, 0x75, 0x70, 0x12, 0x2f, 0x2e, 0x6d, 0x69, 0x6c, 0x76, 0x75, 0x73, 0x2e, 0x70,
	0x72, 0x6f, 0x74, 0x6f, 0x2e, 0x63, 0x61, 0x74, 0x61, 0x6c, 0x6f, 0x67, 0x2e, 0x44, 0x72, 0x6f,
	0x70, 0x50, 0x72, 0x69, 0x76, 0x69, 0x6c, 0x65, 0x67, 0x65, 0x47, 0x72, 0x6f, 0x75, 0x70, 0x52,
	0x65, 0x71, 0x75, 0x65, 0x73, 0x74, 0x1a, 0x30, 0x2e, 0x6d, 0x69, 0x6c, 0x76, 0x75, 0x73, 0x2e,
	0x70, 0x72, 0x6f, 0x74, 0x6f, 0x2e, 0x63, 0x61, 0x74, 0x61, 0x6c, 0x6f, 0x67, 0x2e, 0x44, 0x72,
	0x6f, 0x70, 0x50, 0x72, 0x69, 0x76, 0x69, 0x6c, 0x65, 0x67, 0x65, 0x47, 0x72, 0x6f, 0x75, 0x70,
	0x52, 0x65, 0x73, 0x70, 0x6f, 0x6e, 0x73, 0x65, 0x12, 0x80, 0x01, 0x0a, 0x15, 0x4f, 0x70, 0x65,
	0x72, 0x61, 0x74, 0x65, 0x50, 0x72, 0x69, 0x76, 0x69, 0x6c, 0x65, 0x67, 0x65, 0x47, 0x72, 0x6f,
	0x75, 0x70, 0x12, 0x32, 0x2e, 0x6d, 0x69, 0x6c, 0x76, 0x75, 0x73, 0x2e, 0x70, 0x72, 0x6f, 0x74,
	0x6f, 0x2e, 0x63, 0x61, 0x74, 0x61, 0x6c, 0x6f, 0x67, 0x2e, 0x4f, 0x70, 0x65, 0x72, 0x61, 0x74,
	0x65, 0x50, 0x72, 0x69, 0x76, 0x69, 0x6c, 0x65, 0x67, 0x65, 0x47, 0x72, 0x6f, 0x75, 0x70, 0x52,
	0x65, 0x71, 0x75, 0x65, 0x73, 0x74, 0x1a, 0x33, 0x2e, 0x6d, 0x69, 0x6c, 0x76, 0x75, 0x73, 0x2e,
	0x70, 0x72, 0x6f, 0x74, 0x6f, 0x2e, 0x63, 0x61, 0x74, 0x61, 0x6c, 0x6f, 0x67, 0x2e, 0x4f, 0x70,
	0x65, 0x72, 0x61, 0x74, 0x65, 0x50, 0x72, 0x69, 0x76, 0x69, 0x6c, 0x65, 0x67, 0x65, 0x47, 0x72,
	0x6f, 0x75, 0x70, 0x52, 0x65, 0x73, 0x70, 0x6f, 0x6e, 0x73, 0x65, 0x12, 0x83, 0x01, 0x0a, 0x16,
	0x49, 0x73, 0x43, 0x75, 0x73, 0x74, 0x6f, 0x6d, 0x50, 0x72, 0x69, 0x76, 0x69, 0x6c, 0x65, 0x67,
	0x65, 0x47, 0x72, 0x6f, 0x75, 0x70, 0x12, 0x33, 0x2e, 0x6d, 0x69, 0x6c, 0x76, 0x75, 0x73, 0x2e,
	0x70, 0x72, 0x6f, 0x74, 0x6f, 0x2e, 0x63, 0x61, 0x74, 0x61, 0x6c, 0x6f, 0x67, 0x2e, 0x49, 0x73,
	0x43, 0x75, 0x73, 0x74, 0x6f, 0x6d, 0x50, 0x72, 0x69, 0x76, 0x69, 0x6c, 0x65, 0x67, 0x65, 0x47,
	0x72, 0x6f, 0x75, 0x70, 0x52, 0x65, 0x71, 0x75, 0x65, 0x73, 0x74, 0x1a, 0x34, 0x2e, 0x6d, 0x69,
	0x6c, 0x76, 0x75, 0x73, 0x2e, 0x70, 0x72, 0x6f, 0x74, 0x6f, 0x2e, 0x63, 0x61, 0x74, 0x61, 0x6c,
	0x6f, 0x67, 0x2e, 0x49, 0x73, 0x43, 0x75, 0x73, 0x74, 0x6f, 0x6d, 0x50, 0x72, 0x69, 0x76, 0x69,
	0x6c, 0x65, 0x67, 0x65, 0x47, 0x72, 0x6f, 0x75, 0x70, 0x52, 0x65, 0x73, 0x70, 0x6f, 0x6e, 0x73,
	0x65, 0x12, 0x7a, 0x0a, 0x13, 0x4c, 0x69, 0x73, 0x74, 0x50, 0x72, 0x69, 0x76, 0x69, 0x6c, 0x65,
	0x67, 0x65, 0x47, 0x72, 0x6f, 0x75, 0x70, 0x73, 0x12, 0x30, 0x2e, 0x6d, 0x69, 0x6c, 0x76, 0x75,
	0x73, 0x2e, 0x70, 0x72, 0x6f, 0x74, 0x6f, 0x2e, 0x63, 0x61, 0x74, 0x61, 0x6c, 0x6f, 0x67, 0x2e,
	0x4c, 0x69, 0x73, 0x74, 0x50, 0x72, 0x69, 0x76, 0x69, 0x6c, 0x65, 0x67, 0x65, 0x47, 0x72, 0x6f,
	0x75, 0x70, 0x73, 0x52, 0x65, 0x71, 0x75, 0x65, 0x73, 0x74, 0x1a, 0x31, 0x2e, 0x6d, 0x69, 0x6c,
	0x76, 0x75, 0x73, 0x2e, 0x70, 0x72, 0x6f, 0x74, 0x6f, 0x2e, 0x63, 0x61, 0x74, 0x61, 0x6c, 0x6f,
	0x67, 0x2e, 0x4c, 0x69, 0x73, 0x74, 0x50, 0x72, 0x69, 0x76, 0x69, 0x6c, 0x65, 0x67, 0x65, 0x47,
	0x72, 0x6f, 0x75, 0x70, 0x73, 0x52, 0x65, 0x73, 0x70, 0x6f, 0x6e, 0x73, 0x65, 0x12, 0x83, 0x01,
	0x0a, 0x16, 0x47, 0x65, 0x74, 0x50, 0x72, 0x69, 0x76, 0x69, 0x6c, 0x65, 0x67, 0x65, 0x47, 0x72,
	0x6f, 0x75, 0x70, 0x52, 0x6f, 0x6c, 0x65, 0x73, 0x12, 0x33, 0x2e, 0x6d, 0x69, 0x6c, 0x76, 0x75,
	0x73, 0x2e, 0x70, 0x72, 0x6f, 0x74, 0x6f, 0x2e, 0x63, 0x61, 0x74, 0x61, 0x6c, 0x6f, 0x67, 0x2e,
	0x47, 0x65, 0x74, 0x50, 0x72, 0x69, 0x76, 0x69, 0x6c, 0x65, 0x67, 0x65, 0x47, 0x72, 0x6f, 0x75,
	0x70, 0x52, 0x6f, 0x6c, 0x65, 0x73, 0x52, 0x65, 0x71, 0x75, 0x65, 0x73, 0x74, 0x1a, 0x34, 0x2e,
	0x6d, 0x69, 0x6c, 0x76, 0x75, 0x73, 0x2e, 0x70, 0x72, 0x6f, 0x74, 0x6f, 0x2e, 0x63, 0x61, 0x74,
	0x61, 0x6c, 0x6f, 0x67, 0x2e, 0x47, 0x65, 0x74, 0x50, 0x72, 0x69, 0x76, 0x69, 0x6c, 0x65, 0x67,
	0x65, 0x47, 0x72, 0x6f, 0x75, 0x70, 0x52, 0x6f, 0x6c, 0x65, 0x73, 0x52, 0x65, 0x73, 0x70, 0x6f,
	0x6e, 0x73, 0x65, 0x12, 0x9b, 0x01, 0x0a, 0x1e, 0x43, 0x68, 0x65, 0x63, 0x6b, 0x49, 0x66, 0x50,
	0x72, 0x69, 0x76, 0x69, 0x6c, 0x65, 0x67, 0x65, 0x47, 0x72, 0x6f, 0x75, 0x70, 0x43, 0x72, 0x65,
	0x61, 0x74, 0x61, 0x62, 0x6c, 0x65, 0x12, 0x3b, 0x2e, 0x6d, 0x69, 0x6c, 0x76, 0x75, 0x73, 0x2e,
	0x70, 0x72, 0x6f, 0x74, 0x6f, 0x2e, 0x63, 0x61, 0x74, 0x61, 0x6c, 0x6f, 0x67, 0x2e, 0x43, 0x68,
	0x65, 0x63, 0x6b, 0x49, 0x66, 0x50, 0x72, 0x69, 0x76, 0x69, 0x6c, 0x65, 0x67, 0x65, 0x47, 0x72,
	0x6f, 0x75, 0x70, 0x43, 0x72, 0x65, 0x61, 0x74, 0x61, 0x62, 0x6c, 0x65, 0x52, 0x65, 0x71, 0x75,
	0x65, 0x73, 0x74, 0x1a, 0x3c, 0x2e, 0x6d, 0x69, 0x6c, 0x76, 0x75, 0x73, 0x2e, 0x70, 0x72, 0x6f,
	0x74, 0x6f, 0x2e, 0x63, 0x61, 0x74, 0x61, 0x6c, 0x6f, 0x67, 0x2e, 0x43, 0x68, 0x65, 0x63, 0x6b,
	0x49, 0x66, 0x50, 0x72, 0x69, 0x76, 0x69, 0x6c, 0x65, 0x67, 0x65, 0x47, 0x72, 0x6f, 0x75, 0x70,
	0x43, 0x72, 0x65, 0x61, 0x74, 0x61, 0x62, 0x6c, 0x65, 0x52, 0x65, 0x73, 0x70, 0x6f, 0x6e, 0x73,
	0x65, 0x12, 0x9b, 0x01, 0x0a, 0x1e, 0x43, 0x68, 0x65, 0x63, 0x6b, 0x49, 0x66, 0x50, 0x72, 0x69,
	0x76, 0x69, 0x6c, 0x65, 0x67, 0x65, 0x47, 0x72, 0x6f, 0x75, 0x70, 0x41, 0x6c, 0x74, 0x65, 0x72,
	0x61, 0x62, 0x6c, 0x65, 0x12, 0x3b, 0x2e, 0x6d, 0x69, 0x6c, 0x76, 0x75, 0x73, 0x2e, 0x70, 0x72,
	0x6f, 0x74, 0x6f, 0x2e, 0x63, 0x61, 0x74, 0x61, 0x6c, 0x6f, 0x67, 0x2e, 0x43, 0x68, 0x65, 0x63,
	0x6b, 0x49, 0x66, 0x50, 0x72, 0x69, 0x76, 0x69, 0x6c, 0x65, 0x67, 0x65, 0x47, 0x72, 0x6f, 0x75,
	0x70, 0x41, 0x6c, 0x74, 0x65, 0x72, 0x61, 0x62, 0x6c, 0x65, 0x52, 0x65, 0x71, 0x75, 0x65, 0x73,
	0x74, 0x1a, 0x3c, 0x2e, 0x6d, 0x69, 0x6c, 0x76, 0x75, 0x73, 0x2e, 0x70, 0x72, 0x6f, 0x74, 0x6f,
	0x2e, 0x63, 0x61, 0x74, 0x61, 0x6c, 0x6f, 0x67, 0x2e, 0x43, 0x68, 0x65, 0x63, 0x6b, 0x49, 0x66,
	0x50, 0x72, 0x69, 0x76, 0x69, 0x6c, 0x65, 0x67, 0x65, 0x47, 0x72, 0x6f, 0x75, 0x70, 0x41, 0x6c,
	0x74, 0x65, 0x72, 0x61, 0x62, 0x6c, 0x65, 0x52, 0x65, 0x73, 0x70, 0x6f, 0x6e, 0x73, 0x65, 0x12,
	0x98, 0x01, 0x0a, 0x1d, 0x43, 0x68, 0x65, 0x63, 0x6b, 0x49, 0x66, 0x50, 0x72, 0x69, 0x76, 0x69,
	0x6c, 0x65, 0x67, 0x65, 0x47, 0x72, 0x6f, 0x75, 0x70, 0x44, 0x72, 0x6f, 0x70, 0x61, 0x62, 0x6c,
	0x65, 0x12, 0x3a, 0x2e, 0x6d, 0x69, 0x6c, 0x76, 0x75, 0x73, 0x2e, 0x70, 0x72, 0x6f, 0x74, 0x6f,
	0x2e, 0x63, 0x61, 0x74, 0x61, 0x6c, 0x6f, 0x67, 0x2e, 0x43, 0x68, 0x65, 0x63, 0x6b, 0x49, 0x66,
	0x50, 0x72, 0x69, 0x76, 0x69, 0x6c, 0x65, 0x67, 0x65, 0x47, 0x72, 0x6f, 0x75, 0x70, 0x44, 0x72,
	0x6f, 0x70, 0x61, 0x62, 0x6c, 0x65, 0x52, 0x65, 0x71, 0x75, 0x65, 0x73, 0x74, 0x1a, 0x3b, 0x2e,
	0x6d, 0x69, 0x6c, 0x76, 0x75, 0x73, 0x2e, 0x70, 0x72, 0x6f, 0x74, 0x6f, 0x2e, 0x63, 0x61, 0x74,
	0x61, 0x6c, 0x6f, 0x67, 0x2e, 0x43, 0x68, 0x65, 0x63, 0x6b, 0x49, 0x66, 0x50, 0x72, 0x69, 0x76,
	0x69, 0x6c, 0x65, 0x67, 0x65, 0x47, 0x72, 0x6f, 0x75, 0x70, 0x44, 0x72, 0x6f, 0x70, 0x61, 0x62,
	0x6c, 0x65, 0x52, 0x65, 0x73, 0x70, 0x6f, 0x6e, 0x73, 0x65, 0x12, 0x89, 0x01, 0x0a, 0x18, 0x43,
	0x68, 0x65, 0x63, 0x6b, 0x49, 0x66, 0x44, 0x61, 0x74, 0x61, 0x62, 0x61, 0x73, 0x65, 0x43, 0x72,
	0x65, 0x61, 0x74, 0x61, 0x62, 0x6c, 0x65, 0x12, 0x35, 0x2e, 0x6d, 0x69, 0x6c, 0x76, 0x75, 0x73,
	0x2e, 0x70, 0x72, 0x6f, 0x74, 0x6f, 0x2e, 0x63, 0x61, 0x74, 0x61, 0x6c, 0x6f, 0x67, 0x2e, 0x43,
	0x68, 0x65, 0x63, 0x6b, 0x49, 0x66, 0x44, 0x61, 0x74, 0x61, 0x62, 0x61, 0x73, 0x65, 0x43, 0x72,
	0x65, 0x61, 0x74, 0x61, 0x62, 0x6c, 0x65, 0x52, 0x65, 0x71, 0x75, 0x65, 0x73, 0x74, 0x1a, 0x36,
	0x2e, 0x6d, 0x69, 0x6c, 0x76, 0x75, 0x73, 0x2e, 0x70, 0x72, 0x6f, 0x74, 0x6f, 0x2e, 0x63, 0x61,
	0x74, 0x61, 0x6c, 0x6f, 0x67, 0x2e, 0x43, 0x68, 0x65, 0x63, 0x6b, 0x49, 0x66, 0x44, 0x61, 0x74,
	0x61, 0x62, 0x61, 0x73, 0x65, 0x43, 0x72, 0x65, 0x61, 0x74, 0x61, 0x62, 0x6c, 0x65, 0x52, 0x65,
	0x73, 0x70, 0x6f, 0x6e, 0x73, 0x65, 0x12, 0x89, 0x01, 0x0a, 0x18, 0x43, 0x68, 0x65, 0x63, 0x6b,
	0x49, 0x66, 0x44, 0x61, 0x74, 0x61, 0x62, 0x61, 0x73, 0x65, 0x44, 0x72, 0x6f, 0x70, 0x70, 0x61,
	0x62, 0x6c, 0x65, 0x12, 0x35, 0x2e, 0x6d, 0x69, 0x6c, 0x76, 0x75, 0x73, 0x2e, 0x70, 0x72, 0x6f,
	0x74, 0x6f, 0x2e, 0x63, 0x61, 0x74, 0x61, 0x6c, 0x6f, 0x67, 0x2e, 0x43, 0x68, 0x65, 0x63, 0x6b,
	0x49, 0x66, 0x44, 0x61, 0x74, 0x61, 0x62, 0x61, 0x73, 0x65, 0x44, 0x72, 0x6f, 0x70, 0x70, 0x61,
	0x62, 0x6c, 0x65, 0x52, 0x65, 0x71, 0x75, 0x65, 0x73, 0x74, 0x1a, 0x36, 0x2e, 0x6d, 0x69, 0x6c,
	0x76, 0x75, 0x73, 0x2e, 0x70, 0x72, 0x6f, 0x74, 0x6f, 0x2e, 0x63, 0x61, 0x74, 0x61, 0x6c, 0x6f,
	0x67, 0x2e, 0x43, 0x68, 0x65, 0x63, 0x6b, 0x49, 0x66, 0x44, 0x61, 0x74, 0x61, 0x62, 0x61, 0x73,
	0x65, 0x44, 0x72, 0x6f, 0x70, 0x70, 0x61, 0x62, 0x6c, 0x65, 0x52, 0x65, 0x73, 0x70, 0x6f, 0x6e,
	0x73, 0x65, 0x12, 0x6e, 0x0a, 0x0f, 0x41, 0x64, 0x64, 0x46, 0x69, 0x6c, 0x65, 0x52, 0x65, 0x73,
	0x6f, 0x75, 0x72, 0x63, 0x65, 0x12, 0x2c, 0x2e, 0x6d, 0x69, 0x6c, 0x76, 0x75, 0x73, 0x2e, 0x70,
	0x72, 0x6f, 0x74, 0x6f, 0x2e, 0x63, 0x61, 0x74, 0x61, 0x6c, 0x6f, 0x67, 0x2e, 0x41, 0x64, 0x64,
	0x46, 0x69, 0x6c, 0x65, 0x52, 0x65, 0x73, 0x6f, 0x75, 0x72, 0x63, 0x65, 0x52, 0x65, 0x71, 0x75,
	0x65, 0x73, 0x74, 0x1a, 0x2d, 0x2e, 0x6d, 0x69, 0x6c, 0x76, 0x75, 0x73, 0x2e, 0x70, 0x72, 0x6f,
	0x74, 0x6f, 0x2e, 0x63, 0x61, 0x74, 0x61, 0x6c, 0x6f, 0x67, 0x2e, 0x41, 0x64, 0x64, 0x46, 0x69,
	0x6c, 0x65, 0x52, 0x65, 0x73, 0x6f, 0x75, 0x72, 0x63, 0x65, 0x52, 0x65, 0x73, 0x70, 0x6f, 0x6e,
	0x73, 0x65, 0x12, 0x77, 0x0a, 0x12, 0x52, 0x65, 0x6d, 0x6f, 0x76, 0x65, 0x46, 0x69, 0x6c, 0x65,
	0x52, 0x65, 0x73, 0x6f, 0x75, 0x72, 0x63, 0x65, 0x12, 0x2f, 0x2e, 0x6d, 0x69, 0x6c, 0x76, 0x75,
	0x73, 0x2e, 0x70, 0x72, 0x6f, 0x74, 0x6f, 0x2e, 0x63, 0x61, 0x74, 0x61, 0x6c, 0x6f, 0x67, 0x2e,
	0x52, 0x65, 0x6d, 0x6f, 0x76, 0x65, 0x46, 0x69, 0x6c, 0x65, 0x52, 0x65, 0x73, 0x6f, 0x75, 0x72,
	0x63, 0x65, 0x52, 0x65, 0x71, 0x75, 0x65, 0x73, 0x74, 0x1a, 0x30, 0x2e, 0x6d, 0x69, 0x6c, 0x76,
	0x75, 0x73, 0x2e, 0x70, 0x72, 0x6f, 0x74, 0x6f, 0x2e, 0x63, 0x61, 0x74, 0x61, 0x6c, 0x6f, 0x67,
	0x2e, 0x52, 0x65, 0x6d, 0x6f, 0x76, 0x65, 0x46, 0x69, 0x6c, 0x65, 0x52, 0x65, 0x73, 0x6f, 0x75,
	0x72, 0x63, 0x65, 0x52, 0x65, 0x73, 0x70, 0x6f, 0x6e, 0x73, 0x65, 0x12, 0x71, 0x0a, 0x10, 0x4c,
	0x69, 0x73, 0x74, 0x46, 0x69, 0x6c, 0x65, 0x52, 0x65, 0x73, 0x6f, 0x75, 0x72, 0x63, 0x65, 0x12,
	0x2d, 0x2e, 0x6d, 0x69, 0x6c, 0x76, 0x75, 0x73, 0x2e, 0x70, 0x72, 0x6f, 0x74, 0x6f, 0x2e, 0x63,
	0x61, 0x74, 0x61, 0x6c, 0x6f, 0x67, 0x2e, 0x4c, 0x69, 0x73, 0x74, 0x46, 0x69, 0x6c, 0x65, 0x52,
	0x65, 0x73, 0x6f, 0x75, 0x72, 0x63, 0x65, 0x52, 0x65, 0x71, 0x75, 0x65, 0x73, 0x74, 0x1a, 0x2e,
	0x2e, 0x6d, 0x69, 0x6c, 0x76, 0x75, 0x73, 0x2e, 0x70, 0x72, 0x6f, 0x74, 0x6f, 0x2e, 0x63, 0x61,
	0x74, 0x61, 0x6c, 0x6f, 0x67, 0x2e, 0x4c, 0x69, 0x73, 0x74, 0x46, 0x69, 0x6c, 0x65, 0x52, 0x65,
	0x73, 0x6f, 0x75, 0x72, 0x63, 0x65, 0x52, 0x65, 0x73, 0x70, 0x6f, 0x6e, 0x73, 0x65, 0x12, 0x80,
	0x01, 0x0a, 0x15, 0x49, 0x6e, 0x63, 0x46, 0x69, 0x6c, 0x65, 0x52, 0x65, 0x73, 0x6f, 0x75, 0x72,
	0x63, 0x65, 0x52, 0x65, 0x66, 0x43, 0x6e, 0x74, 0x12, 0x32, 0x2e, 0x6d, 0x69, 0x6c, 0x76, 0x75,
	0x73, 0x2e, 0x70, 0x72, 0x6f, 0x74, 0x6f, 0x2e, 0x63, 0x61, 0x74, 0x61, 0x6c, 0x6f, 0x67, 0x2e,
	0x49, 0x6e, 0x63, 0x46, 0x69, 0x6c, 0x65, 0x52, 0x65, 0x73, 0x6f, 0x75, 0x72, 0x63, 0x65, 0x52,
	0x65, 0x66, 0x43, 0x6e, 0x74, 0x52, 0x65, 0x71, 0x75, 0x65, 0x73, 0x74, 0x1a, 0x33, 0x2e, 0x6d,
	0x69, 0x6c, 0x76, 0x75, 0x73, 0x2e, 0x70, 0x72, 0x6f, 0x74, 0x6f, 0x2e, 0x63, 0x61, 0x74, 0x61,
	0x6c, 0x6f, 0x67, 0x2e, 0x49, 0x6e, 0x63, 0x46, 0x69, 0x6c, 0x65, 0x52, 0x65, 0x73, 0x6f, 0x75,
	0x72, 0x63, 0x65, 0x52, 0x65, 0x66, 0x43, 0x6e, 0x74, 0x52, 0x65, 0x73, 0x70, 0x6f, 0x6e, 0x73,
	0x65, 0x12, 0x80, 0x01, 0x0a, 0x15, 0x44, 0x65, 0x63, 0x46, 0x69, 0x6c, 0x65, 0x52, 0x65, 0x73,
	0x6f, 0x75, 0x72, 0x63, 0x65, 0x52, 0x65, 0x66, 0x43, 0x6e, 0x74, 0x12, 0x32, 0x2e, 0x6d, 0x69,
	0x6c, 0x76, 0x75, 0x73, 0x2e, 0x70, 0x72, 0x6f, 0x74, 0x6f, 0x2e, 0x63, 0x61, 0x74, 0x61, 0x6c,
	0x6f, 0x67, 0x2e, 0x44, 0x65, 0x63, 0x46, 0x69, 0x6c, 0x65, 0x52, 0x65, 0x73, 0x6f, 0x75, 0x72,
	0x63, 0x65, 0x52, 0x65, 0x66, 0x43, 0x6e, 0x74, 0x52, 0x65, 0x71, 0x75, 0x65, 0x73, 0x74, 0x1a,
	0x33, 0x2e, 0x6d, 0x69, 0x6c, 0x76, 0x75, 0x73, 0x2e, 0x70, 0x72, 0x6f, 0x74, 0x6f, 0x2e, 0x63,
	0x61, 0x74, 0x61, 0x6c, 0x6f, 0x67, 0x2e, 0x44, 0x65, 0x63, 0x46, 0x69, 0x6c, 0x65, 0x52, 0x65,
	0x73, 0x6f, 0x75, 0x72, 0x63, 0x65, 0x52, 0x65, 0x66, 0x43, 0x6e, 0x74, 0x52, 0x65, 0x73, 0x70,
	0x6f, 0x6e, 0x73, 0x65, 0x12, 0x8c, 0x01, 0x0a, 0x19, 0x52, 0x65, 0x63, 0x6f, 0x76, 0x65, 0x72,
	0x46, 0x69, 0x6c, 0x65, 0x52, 0x65, 0x73, 0x6f, 0x75, 0x72, 0x63, 0x65, 0x52, 0x65, 0x66, 0x43,
	0x6e, 0x74, 0x12, 0x36, 0x2e, 0x6d, 0x69, 0x6c, 0x76, 0x75, 0x73, 0x2e, 0x70, 0x72, 0x6f, 0x74,
	0x6f, 0x2e, 0x63, 0x61, 0x74, 0x61, 0x6c, 0x6f, 0x67, 0x2e, 0x52, 0x65, 0x63, 0x6f, 0x76, 0x65,
	0x72, 0x46, 0x69, 0x6c, 0x65, 0x52, 0x65, 0x73, 0x6f, 0x75, 0x72, 0x63, 0x65, 0x52, 0x65, 0x66,
	0x43, 0x6e, 0x74, 0x52, 0x65, 0x71, 0x75, 0x65, 0x73, 0x74, 0x1a, 0x37, 0x2e, 0x6d, 0x69, 0x6c,
	0x76, 0x75, 0x73, 0x2e, 0x70, 0x72, 0x6f, 0x74, 0x6f, 0x2e, 0x63, 0x61, 0x74, 0x61, 0x6c, 0x6f,
	0x67, 0x2e, 0x52, 0x65, 0x63, 0x6f, 0x76, 0x65, 0x72, 0x46, 0x69, 0x6c, 0x65, 0x52, 0x65, 0x73,
	0x6f, 0x75, 0x72, 0x63, 0x65, 0x52, 0x65, 0x66, 0x43, 0x6e, 0x74, 0x52, 0x65, 0x73, 0x70, 0x6f,
	0x6e, 0x73, 0x65, 0x42, 0x34, 0x5a, 0x32, 0x67, 0x69, 0x74, 0x68, 0x75, 0x62, 0x2e, 0x63, 0x6f,
	0x6d, 0x2f, 0x6d, 0x69, 0x6c, 0x76, 0x75, 0x73, 0x2d, 0x69, 0x6f, 0x2f, 0x6d, 0x69, 0x6c, 0x76,
	0x75, 0x73, 0x2f, 0x70, 0x6b, 0x67, 0x2f, 0x76, 0x33, 0x2f, 0x70, 0x72, 0x6f, 0x74, 0x6f, 0x2f,
	0x63, 0x61, 0x74, 0x61, 0x6c, 0x6f, 0x67, 0x70, 0x62, 0x62, 0x06, 0x70, 0x72, 0x6f, 0x74, 0x6f,
	0x33,
}

var (
	file_catalog_service_proto_rawDescOnce sync.Once
	file_catalog_service_proto_rawDescData = file_catalog_service_proto_rawDesc
)

func file_catalog_service_proto_rawDescGZIP() []byte {
	file_catalog_service_proto_rawDescOnce.Do(func() {
		file_catalog_service_proto_rawDescData = protoimpl.X.CompressGZIP(file_catalog_service_proto_rawDescData)
	})
	return file_catalog_service_proto_rawDescData
}

var file_catalog_service_proto_msgTypes = make([]protoimpl.MessageInfo, 11)
var file_catalog_service_proto_goTypes = []any{
	(*CreateDatabaseRequest)(nil),                  // 0: milvus.proto.catalog.CreateDatabaseRequest
	(*CreateDatabaseResponse)(nil),                 // 1: milvus.proto.catalog.CreateDatabaseResponse
	(*DropDatabaseRequest)(nil),                    // 2: milvus.proto.catalog.DropDatabaseRequest
	(*DropDatabaseResponse)(nil),                   // 3: milvus.proto.catalog.DropDatabaseResponse
	(*AlterDatabaseRequest)(nil),                   // 4: milvus.proto.catalog.AlterDatabaseRequest
	(*AlterDatabaseResponse)(nil),                  // 5: milvus.proto.catalog.AlterDatabaseResponse
	(*ListDatabasesRequest)(nil),                   // 6: milvus.proto.catalog.ListDatabasesRequest
	(*ListDatabasesResponse)(nil),                  // 7: milvus.proto.catalog.ListDatabasesResponse
	(*GetDatabaseByNameRequest)(nil),               // 8: milvus.proto.catalog.GetDatabaseByNameRequest
	(*GetDatabaseByIDRequest)(nil),                 // 9: milvus.proto.catalog.GetDatabaseByIDRequest
	(*GetDatabaseResponse)(nil),                    // 10: milvus.proto.catalog.GetDatabaseResponse
	(*etcdpb.DatabaseInfo)(nil),                    // 11: milvus.proto.etcd.DatabaseInfo
	(*commonpb.Status)(nil),                        // 12: milvus.proto.common.Status
	(*AddCollectionRequest)(nil),                   // 13: milvus.proto.catalog.AddCollectionRequest
	(*DropCollectionRequest)(nil),                  // 14: milvus.proto.catalog.DropCollectionRequest
	(*RemoveCollectionRequest)(nil),                // 15: milvus.proto.catalog.RemoveCollectionRequest
	(*GetCollectionIDRequest)(nil),                 // 16: milvus.proto.catalog.GetCollectionIDRequest
	(*GetCollectionByNameRequest)(nil),             // 17: milvus.proto.catalog.GetCollectionByNameRequest
	(*GetCollectionByIDRequest)(nil),               // 18: milvus.proto.catalog.GetCollectionByIDRequest
	(*GetCollectionByIDWithMaxTsRequest)(nil),      // 19: milvus.proto.catalog.GetCollectionByIDWithMaxTsRequest
	(*ListCollectionsRequest)(nil),                 // 20: milvus.proto.catalog.ListCollectionsRequest
	(*ListAllAvailCollectionsRequest)(nil),         // 21: milvus.proto.catalog.ListAllAvailCollectionsRequest
	(*ListAllAvailPartitionsRequest)(nil),          // 22: milvus.proto.catalog.ListAllAvailPartitionsRequest
	(*ListCollectionPhysicalChannelsRequest)(nil),  // 23: milvus.proto.catalog.ListCollectionPhysicalChannelsRequest
	(*GetCollectionVirtualChannelsRequest)(nil),    // 24: milvus.proto.catalog.GetCollectionVirtualChannelsRequest
	(*GetPChannelInfoRequest)(nil),                 // 25: milvus.proto.catalog.GetPChannelInfoRequest
	(*CheckIfCollectionRenamableRequest)(nil),      // 26: milvus.proto.catalog.CheckIfCollectionRenamableRequest
	(*BeginTruncateCollectionRequest)(nil),         // 27: milvus.proto.catalog.BeginTruncateCollectionRequest
	(*GetGeneralCountRequest)(nil),                 // 28: milvus.proto.catalog.GetGeneralCountRequest
	(*AlterCollectionRequest)(nil),                 // 29: milvus.proto.catalog.AlterCollectionRequest
	(*TruncateCollectionRequest)(nil),              // 30: milvus.proto.catalog.TruncateCollectionRequest
	(*AddPartitionRequest)(nil),                    // 31: milvus.proto.catalog.AddPartitionRequest
	(*GetPartitionIDByNameRequest)(nil),            // 32: milvus.proto.catalog.GetPartitionIDByNameRequest
	(*DropPartitionRequest)(nil),                   // 33: milvus.proto.catalog.DropPartitionRequest
	(*RemovePartitionRequest)(nil),                 // 34: milvus.proto.catalog.RemovePartitionRequest
	(*AlterAliasRequest)(nil),                      // 35: milvus.proto.catalog.AlterAliasRequest
	(*DropAliasRequest)(nil),                       // 36: milvus.proto.catalog.DropAliasRequest
	(*DescribeAliasRequest)(nil),                   // 37: milvus.proto.catalog.DescribeAliasRequest
	(*ListAliasesRequest)(nil),                     // 38: milvus.proto.catalog.ListAliasesRequest
	(*IsAliasRequest)(nil),                         // 39: milvus.proto.catalog.IsAliasRequest
	(*ListAliasesByIDRequest)(nil),                 // 40: milvus.proto.catalog.ListAliasesByIDRequest
	(*CheckIfAliasCreatableRequest)(nil),           // 41: milvus.proto.catalog.CheckIfAliasCreatableRequest
	(*CheckIfAliasAlterableRequest)(nil),           // 42: milvus.proto.catalog.CheckIfAliasAlterableRequest
	(*CheckIfAliasDroppableRequest)(nil),           // 43: milvus.proto.catalog.CheckIfAliasDroppableRequest
	(*InitCredentialRequest)(nil),                  // 44: milvus.proto.catalog.InitCredentialRequest
	(*AlterCredentialRequest)(nil),                 // 45: milvus.proto.catalog.AlterCredentialRequest
	(*DeleteCredentialRequest)(nil),                // 46: milvus.proto.catalog.DeleteCredentialRequest
	(*GetCredentialRequest)(nil),                   // 47: milvus.proto.catalog.GetCredentialRequest
	(*ListCredentialUsernamesRequest)(nil),         // 48: milvus.proto.catalog.ListCredentialUsernamesRequest
	(*CheckIfAddCredentialRequest)(nil),            // 49: milvus.proto.catalog.CheckIfAddCredentialRequest
	(*CheckIfUpdateCredentialRequest)(nil),         // 50: milvus.proto.catalog.CheckIfUpdateCredentialRequest
	(*CheckIfDeleteCredentialRequest)(nil),         // 51: milvus.proto.catalog.CheckIfDeleteCredentialRequest
	(*CreateRoleRequest)(nil),                      // 52: milvus.proto.catalog.CreateRoleRequest
	(*AlterRoleRequest)(nil),                       // 53: milvus.proto.catalog.AlterRoleRequest
	(*DropRoleRequest)(nil),                        // 54: milvus.proto.catalog.DropRoleRequest
	(*OperateUserRoleRequest)(nil),                 // 55: milvus.proto.catalog.OperateUserRoleRequest
	(*SelectRoleRequest)(nil),                      // 56: milvus.proto.catalog.SelectRoleRequest
	(*SelectUserRequest)(nil),                      // 57: milvus.proto.catalog.SelectUserRequest
	(*ListUserRoleRequest)(nil),                    // 58: milvus.proto.catalog.ListUserRoleRequest
	(*CheckIfCreateRoleRequest)(nil),               // 59: milvus.proto.catalog.CheckIfCreateRoleRequest
	(*CheckIfAlterRoleRequest)(nil),                // 60: milvus.proto.catalog.CheckIfAlterRoleRequest
	(*CheckIfDropRoleRequest)(nil),                 // 61: milvus.proto.catalog.CheckIfDropRoleRequest
	(*CheckIfOperateUserRoleRequest)(nil),          // 62: milvus.proto.catalog.CheckIfOperateUserRoleRequest
	(*OperatePrivilegeRequest)(nil),                // 63: milvus.proto.catalog.OperatePrivilegeRequest
	(*DropGrantRequest)(nil),                       // 64: milvus.proto.catalog.DropGrantRequest
	(*RestoreRBACRequest)(nil),                     // 65: milvus.proto.catalog.RestoreRBACRequest
	(*SelectGrantRequest)(nil),                     // 66: milvus.proto.catalog.SelectGrantRequest
	(*ListPolicyRequest)(nil),                      // 67: milvus.proto.catalog.ListPolicyRequest
	(*BackupRBACRequest)(nil),                      // 68: milvus.proto.catalog.BackupRBACRequest
	(*CheckIfRBACRestorableRequest)(nil),           // 69: milvus.proto.catalog.CheckIfRBACRestorableRequest
	(*CreatePrivilegeGroupRequest)(nil),            // 70: milvus.proto.catalog.CreatePrivilegeGroupRequest
	(*DropPrivilegeGroupRequest)(nil),              // 71: milvus.proto.catalog.DropPrivilegeGroupRequest
	(*OperatePrivilegeGroupRequest)(nil),           // 72: milvus.proto.catalog.OperatePrivilegeGroupRequest
	(*IsCustomPrivilegeGroupRequest)(nil),          // 73: milvus.proto.catalog.IsCustomPrivilegeGroupRequest
	(*ListPrivilegeGroupsRequest)(nil),             // 74: milvus.proto.catalog.ListPrivilegeGroupsRequest
	(*GetPrivilegeGroupRolesRequest)(nil),          // 75: milvus.proto.catalog.GetPrivilegeGroupRolesRequest
	(*CheckIfPrivilegeGroupCreatableRequest)(nil),  // 76: milvus.proto.catalog.CheckIfPrivilegeGroupCreatableRequest
	(*CheckIfPrivilegeGroupAlterableRequest)(nil),  // 77: milvus.proto.catalog.CheckIfPrivilegeGroupAlterableRequest
	(*CheckIfPrivilegeGroupDropableRequest)(nil),   // 78: milvus.proto.catalog.CheckIfPrivilegeGroupDropableRequest
	(*CheckIfDatabaseCreatableRequest)(nil),        // 79: milvus.proto.catalog.CheckIfDatabaseCreatableRequest
	(*CheckIfDatabaseDroppableRequest)(nil),        // 80: milvus.proto.catalog.CheckIfDatabaseDroppableRequest
	(*AddFileResourceRequest)(nil),                 // 81: milvus.proto.catalog.AddFileResourceRequest
	(*RemoveFileResourceRequest)(nil),              // 82: milvus.proto.catalog.RemoveFileResourceRequest
	(*ListFileResourceRequest)(nil),                // 83: milvus.proto.catalog.ListFileResourceRequest
	(*IncFileResourceRefCntRequest)(nil),           // 84: milvus.proto.catalog.IncFileResourceRefCntRequest
	(*DecFileResourceRefCntRequest)(nil),           // 85: milvus.proto.catalog.DecFileResourceRefCntRequest
	(*RecoverFileResourceRefCntRequest)(nil),       // 86: milvus.proto.catalog.RecoverFileResourceRefCntRequest
	(*AddCollectionResponse)(nil),                  // 87: milvus.proto.catalog.AddCollectionResponse
	(*DropCollectionResponse)(nil),                 // 88: milvus.proto.catalog.DropCollectionResponse
	(*RemoveCollectionResponse)(nil),               // 89: milvus.proto.catalog.RemoveCollectionResponse
	(*GetCollectionIDResponse)(nil),                // 90: milvus.proto.catalog.GetCollectionIDResponse
	(*GetCollectionByNameResponse)(nil),            // 91: milvus.proto.catalog.GetCollectionByNameResponse
	(*GetCollectionByIDResponse)(nil),              // 92: milvus.proto.catalog.GetCollectionByIDResponse
	(*GetCollectionByIDWithMaxTsResponse)(nil),     // 93: milvus.proto.catalog.GetCollectionByIDWithMaxTsResponse
	(*ListCollectionsResponse)(nil),                // 94: milvus.proto.catalog.ListCollectionsResponse
	(*ListAllAvailCollectionsResponse)(nil),        // 95: milvus.proto.catalog.ListAllAvailCollectionsResponse
	(*ListAllAvailPartitionsResponse)(nil),         // 96: milvus.proto.catalog.ListAllAvailPartitionsResponse
	(*ListCollectionPhysicalChannelsResponse)(nil), // 97: milvus.proto.catalog.ListCollectionPhysicalChannelsResponse
	(*GetCollectionVirtualChannelsResponse)(nil),   // 98: milvus.proto.catalog.GetCollectionVirtualChannelsResponse
	(*GetPChannelInfoResponse)(nil),                // 99: milvus.proto.catalog.GetPChannelInfoResponse
	(*CheckIfCollectionRenamableResponse)(nil),     // 100: milvus.proto.catalog.CheckIfCollectionRenamableResponse
	(*BeginTruncateCollectionResponse)(nil),        // 101: milvus.proto.catalog.BeginTruncateCollectionResponse
	(*GetGeneralCountResponse)(nil),                // 102: milvus.proto.catalog.GetGeneralCountResponse
	(*AlterCollectionResponse)(nil),                // 103: milvus.proto.catalog.AlterCollectionResponse
	(*TruncateCollectionResponse)(nil),             // 104: milvus.proto.catalog.TruncateCollectionResponse
	(*AddPartitionResponse)(nil),                   // 105: milvus.proto.catalog.AddPartitionResponse
	(*GetPartitionIDByNameResponse)(nil),           // 106: milvus.proto.catalog.GetPartitionIDByNameResponse
	(*DropPartitionResponse)(nil),                  // 107: milvus.proto.catalog.DropPartitionResponse
	(*RemovePartitionResponse)(nil),                // 108: milvus.proto.catalog.RemovePartitionResponse
	(*AlterAliasResponse)(nil),                     // 109: milvus.proto.catalog.AlterAliasResponse
	(*DropAliasResponse)(nil),                      // 110: milvus.proto.catalog.DropAliasResponse
	(*DescribeAliasResponse)(nil),                  // 111: milvus.proto.catalog.DescribeAliasResponse
	(*ListAliasesResponse)(nil),                    // 112: milvus.proto.catalog.ListAliasesResponse
	(*IsAliasResponse)(nil),                        // 113: milvus.proto.catalog.IsAliasResponse
	(*ListAliasesByIDResponse)(nil),                // 114: milvus.proto.catalog.ListAliasesByIDResponse
	(*CheckIfAliasCreatableResponse)(nil),          // 115: milvus.proto.catalog.CheckIfAliasCreatableResponse
	(*CheckIfAliasAlterableResponse)(nil),          // 116: milvus.proto.catalog.CheckIfAliasAlterableResponse
	(*CheckIfAliasDroppableResponse)(nil),          // 117: milvus.proto.catalog.CheckIfAliasDroppableResponse
	(*InitCredentialResponse)(nil),                 // 118: milvus.proto.catalog.InitCredentialResponse
	(*AlterCredentialResponse)(nil),                // 119: milvus.proto.catalog.AlterCredentialResponse
	(*DeleteCredentialResponse)(nil),               // 120: milvus.proto.catalog.DeleteCredentialResponse
	(*GetCredentialResponse)(nil),                  // 121: milvus.proto.catalog.GetCredentialResponse
	(*ListCredentialUsernamesResponse)(nil),        // 122: milvus.proto.catalog.ListCredentialUsernamesResponse
	(*CheckIfAddCredentialResponse)(nil),           // 123: milvus.proto.catalog.CheckIfAddCredentialResponse
	(*CheckIfUpdateCredentialResponse)(nil),        // 124: milvus.proto.catalog.CheckIfUpdateCredentialResponse
	(*CheckIfDeleteCredentialResponse)(nil),        // 125: milvus.proto.catalog.CheckIfDeleteCredentialResponse
	(*CreateRoleResponse)(nil),                     // 126: milvus.proto.catalog.CreateRoleResponse
	(*AlterRoleResponse)(nil),                      // 127: milvus.proto.catalog.AlterRoleResponse
	(*DropRoleResponse)(nil),                       // 128: milvus.proto.catalog.DropRoleResponse
	(*OperateUserRoleResponse)(nil),                // 129: milvus.proto.catalog.OperateUserRoleResponse
	(*SelectRoleResponse)(nil),                     // 130: milvus.proto.catalog.SelectRoleResponse
	(*SelectUserResponse)(nil),                     // 131: milvus.proto.catalog.SelectUserResponse
	(*ListUserRoleResponse)(nil),                   // 132: milvus.proto.catalog.ListUserRoleResponse
	(*CheckIfCreateRoleResponse)(nil),              // 133: milvus.proto.catalog.CheckIfCreateRoleResponse
	(*CheckIfAlterRoleResponse)(nil),               // 134: milvus.proto.catalog.CheckIfAlterRoleResponse
	(*CheckIfDropRoleResponse)(nil),                // 135: milvus.proto.catalog.CheckIfDropRoleResponse
	(*CheckIfOperateUserRoleResponse)(nil),         // 136: milvus.proto.catalog.CheckIfOperateUserRoleResponse
	(*OperatePrivilegeResponse)(nil),               // 137: milvus.proto.catalog.OperatePrivilegeResponse
	(*DropGrantResponse)(nil),                      // 138: milvus.proto.catalog.DropGrantResponse
	(*RestoreRBACResponse)(nil),                    // 139: milvus.proto.catalog.RestoreRBACResponse
	(*SelectGrantResponse)(nil),                    // 140: milvus.proto.catalog.SelectGrantResponse
	(*ListPolicyResponse)(nil),                     // 141: milvus.proto.catalog.ListPolicyResponse
	(*BackupRBACResponse)(nil),                     // 142: milvus.proto.catalog.BackupRBACResponse
	(*CheckIfRBACRestorableResponse)(nil),          // 143: milvus.proto.catalog.CheckIfRBACRestorableResponse
	(*CreatePrivilegeGroupResponse)(nil),           // 144: milvus.proto.catalog.CreatePrivilegeGroupResponse
	(*DropPrivilegeGroupResponse)(nil),             // 145: milvus.proto.catalog.DropPrivilegeGroupResponse
	(*OperatePrivilegeGroupResponse)(nil),          // 146: milvus.proto.catalog.OperatePrivilegeGroupResponse
	(*IsCustomPrivilegeGroupResponse)(nil),         // 147: milvus.proto.catalog.IsCustomPrivilegeGroupResponse
	(*ListPrivilegeGroupsResponse)(nil),            // 148: milvus.proto.catalog.ListPrivilegeGroupsResponse
	(*GetPrivilegeGroupRolesResponse)(nil),         // 149: milvus.proto.catalog.GetPrivilegeGroupRolesResponse
	(*CheckIfPrivilegeGroupCreatableResponse)(nil), // 150: milvus.proto.catalog.CheckIfPrivilegeGroupCreatableResponse
	(*CheckIfPrivilegeGroupAlterableResponse)(nil), // 151: milvus.proto.catalog.CheckIfPrivilegeGroupAlterableResponse
	(*CheckIfPrivilegeGroupDropableResponse)(nil),  // 152: milvus.proto.catalog.CheckIfPrivilegeGroupDropableResponse
	(*CheckIfDatabaseCreatableResponse)(nil),       // 153: milvus.proto.catalog.CheckIfDatabaseCreatableResponse
	(*CheckIfDatabaseDroppableResponse)(nil),       // 154: milvus.proto.catalog.CheckIfDatabaseDroppableResponse
	(*AddFileResourceResponse)(nil),                // 155: milvus.proto.catalog.AddFileResourceResponse
	(*RemoveFileResourceResponse)(nil),             // 156: milvus.proto.catalog.RemoveFileResourceResponse
	(*ListFileResourceResponse)(nil),               // 157: milvus.proto.catalog.ListFileResourceResponse
	(*IncFileResourceRefCntResponse)(nil),          // 158: milvus.proto.catalog.IncFileResourceRefCntResponse
	(*DecFileResourceRefCntResponse)(nil),          // 159: milvus.proto.catalog.DecFileResourceRefCntResponse
	(*RecoverFileResourceRefCntResponse)(nil),      // 160: milvus.proto.catalog.RecoverFileResourceRefCntResponse
}
var file_catalog_service_proto_depIdxs = []int32{
	11,  // 0: milvus.proto.catalog.CreateDatabaseRequest.db:type_name -> milvus.proto.etcd.DatabaseInfo
	12,  // 1: milvus.proto.catalog.CreateDatabaseResponse.status:type_name -> milvus.proto.common.Status
	12,  // 2: milvus.proto.catalog.DropDatabaseResponse.status:type_name -> milvus.proto.common.Status
	11,  // 3: milvus.proto.catalog.AlterDatabaseRequest.db:type_name -> milvus.proto.etcd.DatabaseInfo
	12,  // 4: milvus.proto.catalog.AlterDatabaseResponse.status:type_name -> milvus.proto.common.Status
	12,  // 5: milvus.proto.catalog.ListDatabasesResponse.status:type_name -> milvus.proto.common.Status
	11,  // 6: milvus.proto.catalog.ListDatabasesResponse.dbs:type_name -> milvus.proto.etcd.DatabaseInfo
	12,  // 7: milvus.proto.catalog.GetDatabaseResponse.status:type_name -> milvus.proto.common.Status
	11,  // 8: milvus.proto.catalog.GetDatabaseResponse.db:type_name -> milvus.proto.etcd.DatabaseInfo
	0,   // 9: milvus.proto.catalog.CatalogService.CreateDatabase:input_type -> milvus.proto.catalog.CreateDatabaseRequest
	2,   // 10: milvus.proto.catalog.CatalogService.DropDatabase:input_type -> milvus.proto.catalog.DropDatabaseRequest
	4,   // 11: milvus.proto.catalog.CatalogService.AlterDatabase:input_type -> milvus.proto.catalog.AlterDatabaseRequest
	6,   // 12: milvus.proto.catalog.CatalogService.ListDatabases:input_type -> milvus.proto.catalog.ListDatabasesRequest
	8,   // 13: milvus.proto.catalog.CatalogService.GetDatabaseByName:input_type -> milvus.proto.catalog.GetDatabaseByNameRequest
	9,   // 14: milvus.proto.catalog.CatalogService.GetDatabaseByID:input_type -> milvus.proto.catalog.GetDatabaseByIDRequest
	13,  // 15: milvus.proto.catalog.CatalogService.AddCollection:input_type -> milvus.proto.catalog.AddCollectionRequest
	14,  // 16: milvus.proto.catalog.CatalogService.DropCollection:input_type -> milvus.proto.catalog.DropCollectionRequest
	15,  // 17: milvus.proto.catalog.CatalogService.RemoveCollection:input_type -> milvus.proto.catalog.RemoveCollectionRequest
	16,  // 18: milvus.proto.catalog.CatalogService.GetCollectionID:input_type -> milvus.proto.catalog.GetCollectionIDRequest
	17,  // 19: milvus.proto.catalog.CatalogService.GetCollectionByName:input_type -> milvus.proto.catalog.GetCollectionByNameRequest
	18,  // 20: milvus.proto.catalog.CatalogService.GetCollectionByID:input_type -> milvus.proto.catalog.GetCollectionByIDRequest
	19,  // 21: milvus.proto.catalog.CatalogService.GetCollectionByIDWithMaxTs:input_type -> milvus.proto.catalog.GetCollectionByIDWithMaxTsRequest
	20,  // 22: milvus.proto.catalog.CatalogService.ListCollections:input_type -> milvus.proto.catalog.ListCollectionsRequest
	21,  // 23: milvus.proto.catalog.CatalogService.ListAllAvailCollections:input_type -> milvus.proto.catalog.ListAllAvailCollectionsRequest
	22,  // 24: milvus.proto.catalog.CatalogService.ListAllAvailPartitions:input_type -> milvus.proto.catalog.ListAllAvailPartitionsRequest
	23,  // 25: milvus.proto.catalog.CatalogService.ListCollectionPhysicalChannels:input_type -> milvus.proto.catalog.ListCollectionPhysicalChannelsRequest
	24,  // 26: milvus.proto.catalog.CatalogService.GetCollectionVirtualChannels:input_type -> milvus.proto.catalog.GetCollectionVirtualChannelsRequest
	25,  // 27: milvus.proto.catalog.CatalogService.GetPChannelInfo:input_type -> milvus.proto.catalog.GetPChannelInfoRequest
	26,  // 28: milvus.proto.catalog.CatalogService.CheckIfCollectionRenamable:input_type -> milvus.proto.catalog.CheckIfCollectionRenamableRequest
	27,  // 29: milvus.proto.catalog.CatalogService.BeginTruncateCollection:input_type -> milvus.proto.catalog.BeginTruncateCollectionRequest
	28,  // 30: milvus.proto.catalog.CatalogService.GetGeneralCount:input_type -> milvus.proto.catalog.GetGeneralCountRequest
	29,  // 31: milvus.proto.catalog.CatalogService.AlterCollection:input_type -> milvus.proto.catalog.AlterCollectionRequest
	30,  // 32: milvus.proto.catalog.CatalogService.TruncateCollection:input_type -> milvus.proto.catalog.TruncateCollectionRequest
	31,  // 33: milvus.proto.catalog.CatalogService.AddPartition:input_type -> milvus.proto.catalog.AddPartitionRequest
	32,  // 34: milvus.proto.catalog.CatalogService.GetPartitionIDByName:input_type -> milvus.proto.catalog.GetPartitionIDByNameRequest
	33,  // 35: milvus.proto.catalog.CatalogService.DropPartition:input_type -> milvus.proto.catalog.DropPartitionRequest
	34,  // 36: milvus.proto.catalog.CatalogService.RemovePartition:input_type -> milvus.proto.catalog.RemovePartitionRequest
	35,  // 37: milvus.proto.catalog.CatalogService.AlterAlias:input_type -> milvus.proto.catalog.AlterAliasRequest
	36,  // 38: milvus.proto.catalog.CatalogService.DropAlias:input_type -> milvus.proto.catalog.DropAliasRequest
	37,  // 39: milvus.proto.catalog.CatalogService.DescribeAlias:input_type -> milvus.proto.catalog.DescribeAliasRequest
	38,  // 40: milvus.proto.catalog.CatalogService.ListAliases:input_type -> milvus.proto.catalog.ListAliasesRequest
	39,  // 41: milvus.proto.catalog.CatalogService.IsAlias:input_type -> milvus.proto.catalog.IsAliasRequest
	40,  // 42: milvus.proto.catalog.CatalogService.ListAliasesByID:input_type -> milvus.proto.catalog.ListAliasesByIDRequest
	41,  // 43: milvus.proto.catalog.CatalogService.CheckIfAliasCreatable:input_type -> milvus.proto.catalog.CheckIfAliasCreatableRequest
	42,  // 44: milvus.proto.catalog.CatalogService.CheckIfAliasAlterable:input_type -> milvus.proto.catalog.CheckIfAliasAlterableRequest
	43,  // 45: milvus.proto.catalog.CatalogService.CheckIfAliasDroppable:input_type -> milvus.proto.catalog.CheckIfAliasDroppableRequest
	44,  // 46: milvus.proto.catalog.CatalogService.InitCredential:input_type -> milvus.proto.catalog.InitCredentialRequest
	45,  // 47: milvus.proto.catalog.CatalogService.AlterCredential:input_type -> milvus.proto.catalog.AlterCredentialRequest
	46,  // 48: milvus.proto.catalog.CatalogService.DeleteCredential:input_type -> milvus.proto.catalog.DeleteCredentialRequest
	47,  // 49: milvus.proto.catalog.CatalogService.GetCredential:input_type -> milvus.proto.catalog.GetCredentialRequest
	48,  // 50: milvus.proto.catalog.CatalogService.ListCredentialUsernames:input_type -> milvus.proto.catalog.ListCredentialUsernamesRequest
	49,  // 51: milvus.proto.catalog.CatalogService.CheckIfAddCredential:input_type -> milvus.proto.catalog.CheckIfAddCredentialRequest
	50,  // 52: milvus.proto.catalog.CatalogService.CheckIfUpdateCredential:input_type -> milvus.proto.catalog.CheckIfUpdateCredentialRequest
	51,  // 53: milvus.proto.catalog.CatalogService.CheckIfDeleteCredential:input_type -> milvus.proto.catalog.CheckIfDeleteCredentialRequest
	52,  // 54: milvus.proto.catalog.CatalogService.CreateRole:input_type -> milvus.proto.catalog.CreateRoleRequest
	53,  // 55: milvus.proto.catalog.CatalogService.AlterRole:input_type -> milvus.proto.catalog.AlterRoleRequest
	54,  // 56: milvus.proto.catalog.CatalogService.DropRole:input_type -> milvus.proto.catalog.DropRoleRequest
	55,  // 57: milvus.proto.catalog.CatalogService.OperateUserRole:input_type -> milvus.proto.catalog.OperateUserRoleRequest
	56,  // 58: milvus.proto.catalog.CatalogService.SelectRole:input_type -> milvus.proto.catalog.SelectRoleRequest
	57,  // 59: milvus.proto.catalog.CatalogService.SelectUser:input_type -> milvus.proto.catalog.SelectUserRequest
	58,  // 60: milvus.proto.catalog.CatalogService.ListUserRole:input_type -> milvus.proto.catalog.ListUserRoleRequest
	59,  // 61: milvus.proto.catalog.CatalogService.CheckIfCreateRole:input_type -> milvus.proto.catalog.CheckIfCreateRoleRequest
	60,  // 62: milvus.proto.catalog.CatalogService.CheckIfAlterRole:input_type -> milvus.proto.catalog.CheckIfAlterRoleRequest
	61,  // 63: milvus.proto.catalog.CatalogService.CheckIfDropRole:input_type -> milvus.proto.catalog.CheckIfDropRoleRequest
	62,  // 64: milvus.proto.catalog.CatalogService.CheckIfOperateUserRole:input_type -> milvus.proto.catalog.CheckIfOperateUserRoleRequest
	63,  // 65: milvus.proto.catalog.CatalogService.OperatePrivilege:input_type -> milvus.proto.catalog.OperatePrivilegeRequest
	64,  // 66: milvus.proto.catalog.CatalogService.DropGrant:input_type -> milvus.proto.catalog.DropGrantRequest
	65,  // 67: milvus.proto.catalog.CatalogService.RestoreRBAC:input_type -> milvus.proto.catalog.RestoreRBACRequest
	66,  // 68: milvus.proto.catalog.CatalogService.SelectGrant:input_type -> milvus.proto.catalog.SelectGrantRequest
	67,  // 69: milvus.proto.catalog.CatalogService.ListPolicy:input_type -> milvus.proto.catalog.ListPolicyRequest
	68,  // 70: milvus.proto.catalog.CatalogService.BackupRBAC:input_type -> milvus.proto.catalog.BackupRBACRequest
	69,  // 71: milvus.proto.catalog.CatalogService.CheckIfRBACRestorable:input_type -> milvus.proto.catalog.CheckIfRBACRestorableRequest
	70,  // 72: milvus.proto.catalog.CatalogService.CreatePrivilegeGroup:input_type -> milvus.proto.catalog.CreatePrivilegeGroupRequest
	71,  // 73: milvus.proto.catalog.CatalogService.DropPrivilegeGroup:input_type -> milvus.proto.catalog.DropPrivilegeGroupRequest
	72,  // 74: milvus.proto.catalog.CatalogService.OperatePrivilegeGroup:input_type -> milvus.proto.catalog.OperatePrivilegeGroupRequest
	73,  // 75: milvus.proto.catalog.CatalogService.IsCustomPrivilegeGroup:input_type -> milvus.proto.catalog.IsCustomPrivilegeGroupRequest
	74,  // 76: milvus.proto.catalog.CatalogService.ListPrivilegeGroups:input_type -> milvus.proto.catalog.ListPrivilegeGroupsRequest
	75,  // 77: milvus.proto.catalog.CatalogService.GetPrivilegeGroupRoles:input_type -> milvus.proto.catalog.GetPrivilegeGroupRolesRequest
	76,  // 78: milvus.proto.catalog.CatalogService.CheckIfPrivilegeGroupCreatable:input_type -> milvus.proto.catalog.CheckIfPrivilegeGroupCreatableRequest
	77,  // 79: milvus.proto.catalog.CatalogService.CheckIfPrivilegeGroupAlterable:input_type -> milvus.proto.catalog.CheckIfPrivilegeGroupAlterableRequest
	78,  // 80: milvus.proto.catalog.CatalogService.CheckIfPrivilegeGroupDropable:input_type -> milvus.proto.catalog.CheckIfPrivilegeGroupDropableRequest
	79,  // 81: milvus.proto.catalog.CatalogService.CheckIfDatabaseCreatable:input_type -> milvus.proto.catalog.CheckIfDatabaseCreatableRequest
	80,  // 82: milvus.proto.catalog.CatalogService.CheckIfDatabaseDroppable:input_type -> milvus.proto.catalog.CheckIfDatabaseDroppableRequest
	81,  // 83: milvus.proto.catalog.CatalogService.AddFileResource:input_type -> milvus.proto.catalog.AddFileResourceRequest
	82,  // 84: milvus.proto.catalog.CatalogService.RemoveFileResource:input_type -> milvus.proto.catalog.RemoveFileResourceRequest
	83,  // 85: milvus.proto.catalog.CatalogService.ListFileResource:input_type -> milvus.proto.catalog.ListFileResourceRequest
	84,  // 86: milvus.proto.catalog.CatalogService.IncFileResourceRefCnt:input_type -> milvus.proto.catalog.IncFileResourceRefCntRequest
	85,  // 87: milvus.proto.catalog.CatalogService.DecFileResourceRefCnt:input_type -> milvus.proto.catalog.DecFileResourceRefCntRequest
	86,  // 88: milvus.proto.catalog.CatalogService.RecoverFileResourceRefCnt:input_type -> milvus.proto.catalog.RecoverFileResourceRefCntRequest
	1,   // 89: milvus.proto.catalog.CatalogService.CreateDatabase:output_type -> milvus.proto.catalog.CreateDatabaseResponse
	3,   // 90: milvus.proto.catalog.CatalogService.DropDatabase:output_type -> milvus.proto.catalog.DropDatabaseResponse
	5,   // 91: milvus.proto.catalog.CatalogService.AlterDatabase:output_type -> milvus.proto.catalog.AlterDatabaseResponse
	7,   // 92: milvus.proto.catalog.CatalogService.ListDatabases:output_type -> milvus.proto.catalog.ListDatabasesResponse
	10,  // 93: milvus.proto.catalog.CatalogService.GetDatabaseByName:output_type -> milvus.proto.catalog.GetDatabaseResponse
	10,  // 94: milvus.proto.catalog.CatalogService.GetDatabaseByID:output_type -> milvus.proto.catalog.GetDatabaseResponse
	87,  // 95: milvus.proto.catalog.CatalogService.AddCollection:output_type -> milvus.proto.catalog.AddCollectionResponse
	88,  // 96: milvus.proto.catalog.CatalogService.DropCollection:output_type -> milvus.proto.catalog.DropCollectionResponse
	89,  // 97: milvus.proto.catalog.CatalogService.RemoveCollection:output_type -> milvus.proto.catalog.RemoveCollectionResponse
	90,  // 98: milvus.proto.catalog.CatalogService.GetCollectionID:output_type -> milvus.proto.catalog.GetCollectionIDResponse
	91,  // 99: milvus.proto.catalog.CatalogService.GetCollectionByName:output_type -> milvus.proto.catalog.GetCollectionByNameResponse
	92,  // 100: milvus.proto.catalog.CatalogService.GetCollectionByID:output_type -> milvus.proto.catalog.GetCollectionByIDResponse
	93,  // 101: milvus.proto.catalog.CatalogService.GetCollectionByIDWithMaxTs:output_type -> milvus.proto.catalog.GetCollectionByIDWithMaxTsResponse
	94,  // 102: milvus.proto.catalog.CatalogService.ListCollections:output_type -> milvus.proto.catalog.ListCollectionsResponse
	95,  // 103: milvus.proto.catalog.CatalogService.ListAllAvailCollections:output_type -> milvus.proto.catalog.ListAllAvailCollectionsResponse
	96,  // 104: milvus.proto.catalog.CatalogService.ListAllAvailPartitions:output_type -> milvus.proto.catalog.ListAllAvailPartitionsResponse
	97,  // 105: milvus.proto.catalog.CatalogService.ListCollectionPhysicalChannels:output_type -> milvus.proto.catalog.ListCollectionPhysicalChannelsResponse
	98,  // 106: milvus.proto.catalog.CatalogService.GetCollectionVirtualChannels:output_type -> milvus.proto.catalog.GetCollectionVirtualChannelsResponse
	99,  // 107: milvus.proto.catalog.CatalogService.GetPChannelInfo:output_type -> milvus.proto.catalog.GetPChannelInfoResponse
	100, // 108: milvus.proto.catalog.CatalogService.CheckIfCollectionRenamable:output_type -> milvus.proto.catalog.CheckIfCollectionRenamableResponse
	101, // 109: milvus.proto.catalog.CatalogService.BeginTruncateCollection:output_type -> milvus.proto.catalog.BeginTruncateCollectionResponse
	102, // 110: milvus.proto.catalog.CatalogService.GetGeneralCount:output_type -> milvus.proto.catalog.GetGeneralCountResponse
	103, // 111: milvus.proto.catalog.CatalogService.AlterCollection:output_type -> milvus.proto.catalog.AlterCollectionResponse
	104, // 112: milvus.proto.catalog.CatalogService.TruncateCollection:output_type -> milvus.proto.catalog.TruncateCollectionResponse
	105, // 113: milvus.proto.catalog.CatalogService.AddPartition:output_type -> milvus.proto.catalog.AddPartitionResponse
	106, // 114: milvus.proto.catalog.CatalogService.GetPartitionIDByName:output_type -> milvus.proto.catalog.GetPartitionIDByNameResponse
	107, // 115: milvus.proto.catalog.CatalogService.DropPartition:output_type -> milvus.proto.catalog.DropPartitionResponse
	108, // 116: milvus.proto.catalog.CatalogService.RemovePartition:output_type -> milvus.proto.catalog.RemovePartitionResponse
	109, // 117: milvus.proto.catalog.CatalogService.AlterAlias:output_type -> milvus.proto.catalog.AlterAliasResponse
	110, // 118: milvus.proto.catalog.CatalogService.DropAlias:output_type -> milvus.proto.catalog.DropAliasResponse
	111, // 119: milvus.proto.catalog.CatalogService.DescribeAlias:output_type -> milvus.proto.catalog.DescribeAliasResponse
	112, // 120: milvus.proto.catalog.CatalogService.ListAliases:output_type -> milvus.proto.catalog.ListAliasesResponse
	113, // 121: milvus.proto.catalog.CatalogService.IsAlias:output_type -> milvus.proto.catalog.IsAliasResponse
	114, // 122: milvus.proto.catalog.CatalogService.ListAliasesByID:output_type -> milvus.proto.catalog.ListAliasesByIDResponse
	115, // 123: milvus.proto.catalog.CatalogService.CheckIfAliasCreatable:output_type -> milvus.proto.catalog.CheckIfAliasCreatableResponse
	116, // 124: milvus.proto.catalog.CatalogService.CheckIfAliasAlterable:output_type -> milvus.proto.catalog.CheckIfAliasAlterableResponse
	117, // 125: milvus.proto.catalog.CatalogService.CheckIfAliasDroppable:output_type -> milvus.proto.catalog.CheckIfAliasDroppableResponse
	118, // 126: milvus.proto.catalog.CatalogService.InitCredential:output_type -> milvus.proto.catalog.InitCredentialResponse
	119, // 127: milvus.proto.catalog.CatalogService.AlterCredential:output_type -> milvus.proto.catalog.AlterCredentialResponse
	120, // 128: milvus.proto.catalog.CatalogService.DeleteCredential:output_type -> milvus.proto.catalog.DeleteCredentialResponse
	121, // 129: milvus.proto.catalog.CatalogService.GetCredential:output_type -> milvus.proto.catalog.GetCredentialResponse
	122, // 130: milvus.proto.catalog.CatalogService.ListCredentialUsernames:output_type -> milvus.proto.catalog.ListCredentialUsernamesResponse
	123, // 131: milvus.proto.catalog.CatalogService.CheckIfAddCredential:output_type -> milvus.proto.catalog.CheckIfAddCredentialResponse
	124, // 132: milvus.proto.catalog.CatalogService.CheckIfUpdateCredential:output_type -> milvus.proto.catalog.CheckIfUpdateCredentialResponse
	125, // 133: milvus.proto.catalog.CatalogService.CheckIfDeleteCredential:output_type -> milvus.proto.catalog.CheckIfDeleteCredentialResponse
	126, // 134: milvus.proto.catalog.CatalogService.CreateRole:output_type -> milvus.proto.catalog.CreateRoleResponse
	127, // 135: milvus.proto.catalog.CatalogService.AlterRole:output_type -> milvus.proto.catalog.AlterRoleResponse
	128, // 136: milvus.proto.catalog.CatalogService.DropRole:output_type -> milvus.proto.catalog.DropRoleResponse
	129, // 137: milvus.proto.catalog.CatalogService.OperateUserRole:output_type -> milvus.proto.catalog.OperateUserRoleResponse
	130, // 138: milvus.proto.catalog.CatalogService.SelectRole:output_type -> milvus.proto.catalog.SelectRoleResponse
	131, // 139: milvus.proto.catalog.CatalogService.SelectUser:output_type -> milvus.proto.catalog.SelectUserResponse
	132, // 140: milvus.proto.catalog.CatalogService.ListUserRole:output_type -> milvus.proto.catalog.ListUserRoleResponse
	133, // 141: milvus.proto.catalog.CatalogService.CheckIfCreateRole:output_type -> milvus.proto.catalog.CheckIfCreateRoleResponse
	134, // 142: milvus.proto.catalog.CatalogService.CheckIfAlterRole:output_type -> milvus.proto.catalog.CheckIfAlterRoleResponse
	135, // 143: milvus.proto.catalog.CatalogService.CheckIfDropRole:output_type -> milvus.proto.catalog.CheckIfDropRoleResponse
	136, // 144: milvus.proto.catalog.CatalogService.CheckIfOperateUserRole:output_type -> milvus.proto.catalog.CheckIfOperateUserRoleResponse
	137, // 145: milvus.proto.catalog.CatalogService.OperatePrivilege:output_type -> milvus.proto.catalog.OperatePrivilegeResponse
	138, // 146: milvus.proto.catalog.CatalogService.DropGrant:output_type -> milvus.proto.catalog.DropGrantResponse
	139, // 147: milvus.proto.catalog.CatalogService.RestoreRBAC:output_type -> milvus.proto.catalog.RestoreRBACResponse
	140, // 148: milvus.proto.catalog.CatalogService.SelectGrant:output_type -> milvus.proto.catalog.SelectGrantResponse
	141, // 149: milvus.proto.catalog.CatalogService.ListPolicy:output_type -> milvus.proto.catalog.ListPolicyResponse
	142, // 150: milvus.proto.catalog.CatalogService.BackupRBAC:output_type -> milvus.proto.catalog.BackupRBACResponse
	143, // 151: milvus.proto.catalog.CatalogService.CheckIfRBACRestorable:output_type -> milvus.proto.catalog.CheckIfRBACRestorableResponse
	144, // 152: milvus.proto.catalog.CatalogService.CreatePrivilegeGroup:output_type -> milvus.proto.catalog.CreatePrivilegeGroupResponse
	145, // 153: milvus.proto.catalog.CatalogService.DropPrivilegeGroup:output_type -> milvus.proto.catalog.DropPrivilegeGroupResponse
	146, // 154: milvus.proto.catalog.CatalogService.OperatePrivilegeGroup:output_type -> milvus.proto.catalog.OperatePrivilegeGroupResponse
	147, // 155: milvus.proto.catalog.CatalogService.IsCustomPrivilegeGroup:output_type -> milvus.proto.catalog.IsCustomPrivilegeGroupResponse
	148, // 156: milvus.proto.catalog.CatalogService.ListPrivilegeGroups:output_type -> milvus.proto.catalog.ListPrivilegeGroupsResponse
	149, // 157: milvus.proto.catalog.CatalogService.GetPrivilegeGroupRoles:output_type -> milvus.proto.catalog.GetPrivilegeGroupRolesResponse
	150, // 158: milvus.proto.catalog.CatalogService.CheckIfPrivilegeGroupCreatable:output_type -> milvus.proto.catalog.CheckIfPrivilegeGroupCreatableResponse
	151, // 159: milvus.proto.catalog.CatalogService.CheckIfPrivilegeGroupAlterable:output_type -> milvus.proto.catalog.CheckIfPrivilegeGroupAlterableResponse
	152, // 160: milvus.proto.catalog.CatalogService.CheckIfPrivilegeGroupDropable:output_type -> milvus.proto.catalog.CheckIfPrivilegeGroupDropableResponse
	153, // 161: milvus.proto.catalog.CatalogService.CheckIfDatabaseCreatable:output_type -> milvus.proto.catalog.CheckIfDatabaseCreatableResponse
	154, // 162: milvus.proto.catalog.CatalogService.CheckIfDatabaseDroppable:output_type -> milvus.proto.catalog.CheckIfDatabaseDroppableResponse
	155, // 163: milvus.proto.catalog.CatalogService.AddFileResource:output_type -> milvus.proto.catalog.AddFileResourceResponse
	156, // 164: milvus.proto.catalog.CatalogService.RemoveFileResource:output_type -> milvus.proto.catalog.RemoveFileResourceResponse
	157, // 165: milvus.proto.catalog.CatalogService.ListFileResource:output_type -> milvus.proto.catalog.ListFileResourceResponse
	158, // 166: milvus.proto.catalog.CatalogService.IncFileResourceRefCnt:output_type -> milvus.proto.catalog.IncFileResourceRefCntResponse
	159, // 167: milvus.proto.catalog.CatalogService.DecFileResourceRefCnt:output_type -> milvus.proto.catalog.DecFileResourceRefCntResponse
	160, // 168: milvus.proto.catalog.CatalogService.RecoverFileResourceRefCnt:output_type -> milvus.proto.catalog.RecoverFileResourceRefCntResponse
	89,  // [89:169] is the sub-list for method output_type
	9,   // [9:89] is the sub-list for method input_type
	9,   // [9:9] is the sub-list for extension type_name
	9,   // [9:9] is the sub-list for extension extendee
	0,   // [0:9] is the sub-list for field type_name
}

func init() { file_catalog_service_proto_init() }
func file_catalog_service_proto_init() {
	if File_catalog_service_proto != nil {
		return
	}
	file_catalog_collection_proto_init()
	file_catalog_partition_proto_init()
	file_catalog_alias_proto_init()
	file_catalog_credential_proto_init()
	file_catalog_role_proto_init()
	file_catalog_grant_proto_init()
	file_catalog_privilegegroup_proto_init()
	file_catalog_dbchecks_proto_init()
	file_catalog_fileresource_proto_init()
	type x struct{}
	out := protoimpl.TypeBuilder{
		File: protoimpl.DescBuilder{
			GoPackagePath: reflect.TypeOf(x{}).PkgPath(),
			RawDescriptor: file_catalog_service_proto_rawDesc,
			NumEnums:      0,
			NumMessages:   11,
			NumExtensions: 0,
			NumServices:   1,
		},
		GoTypes:           file_catalog_service_proto_goTypes,
		DependencyIndexes: file_catalog_service_proto_depIdxs,
		MessageInfos:      file_catalog_service_proto_msgTypes,
	}.Build()
	File_catalog_service_proto = out.File
	file_catalog_service_proto_rawDesc = nil
	file_catalog_service_proto_goTypes = nil
	file_catalog_service_proto_depIdxs = nil
}
